ID,Latitude,Longitude,State
0,40.82338729100008,-73.87017045,NY
1,40.87669883700005,-73.90852293799998,NY
2,40.90409529500005,-73.84985952299998,NY
3,40.59368532700007,-73.75907037999998,NY
4,40.670366460000025,-73.91284696199995,NY
5,40.813384453000026,-73.95627096599996,NY
6,40.67824325500004,-73.89550970099998,NY
7,40.83883070900004,-73.94360531399997,NY
8,40.87144920400005,-73.867158697,NY
9,40.86350728100007,-73.90446299999998,NY
10,40.689615497000034,-73.92439311199999,NY
11,40.86436863500006,-73.86544107799993,NY
12,40.82741405100006,-73.87794577499993,NY
13,40.792411505000075,-73.97242796299997,NY
14,40.67317201400005,-73.93904085499997,NY
15,40.74376638800004,-73.98797324599997,NY
16,40.90238579800007,-73.84809807399995,NY
17,40.79896399800003,-73.95031371999994,NY
18,40.83883070900004,-73.94360531399997,NY
19,40.67547459000008,-73.93849437599994,NY
20,40.65844352300008,-73.90979175299998,NY
21,40.80550434700007,-73.91647725199994,NY
22,40.816366145000075,-73.86762631099998,NY
23,40.66972146500007,-73.87684288099996,NY
24,40.80330628300004,-73.95060666799998,NY
25,40.67043192700004,-73.91983669099994,NY
26,40.62851560000007,-73.94138369799998,NY
27,40.64802513400008,-73.90401117799998,NY
28,40.86413608500004,-73.91918020999998,NY
29,40.64971987400003,-73.96312802699998,NY
30,40.70758131700006,-73.94067936799998,NY
31,40.79037824500005,-73.94976759099995,NY
32,40.829362650000064,-73.91435510699995,NY
33,40.85358740100002,-73.90059135599995,NY
34,40.71368588400002,-73.73575249799995,NY
35,40.81915052700003,-73.93718378399994,NY
36,40.833217042000065,-73.92755451499994,NY
37,40.67459999000005,-73.93057482199998,NY
38,40.723392998000065,-73.97625544299996,NY
39,40.69980031700004,-73.98373278599996,NY
40,40.815946755000034,-73.90762016499998,NY
41,40.80518856100008,-73.94921820399995,NY
42,40.84460257800004,-73.88166226199995,NY
43,40.88170569400006,-73.86210791199994,NY
44,40.723280139000046,-73.99746883299997,NY
45,40.83690971600004,-73.89057331199997,NY
46,40.844139945000045,-73.90038861799998,NY
47,40.644981504000036,-74.07732129999994,NY
48,40.64946851600007,-73.958482969,NY
49,40.82286114200008,-73.91916530199995,NY
50,40.812583588000045,-73.95092852499994,NY
51,40.827285732000064,-73.90490886099997,NY
52,40.81039601900005,-73.92531074499993,NY
53,40.664606373000034,-73.95239629299994,NY
54,40.80333839900004,-73.94872837599996,NY
55,40.68699927500006,-73.93734432899998,NY
56,40.655718343000046,-73.94525938899994,NY
57,40.670366460000025,-73.91284696199995,NY
58,40.66428001100008,-73.89193786299995,NY
59,40.816670440000046,-73.88799816499993,NY
60,40.667297692000034,-73.90916337699997,NY
61,40.66420209300003,-73.76442433099999,NY
62,40.79482480100006,-73.93861886799993,NY
63,40.86446897800005,-73.92030780199997,NY
64,40.78934789300007,-73.94735241299998,NY
65,40.58734650400004,-73.81304853899995,NY
66,40.81608766100004,-73.89582435399994,NY
67,40.84727715500002,-73.91044290599996,NY
68,40.662978162000066,-73.93451216499993,NY
69,40.83855090900005,-73.90939937399997,NY
70,40.680048726000045,-73.77590919399995,NY
71,40.66304320600005,-73.90565842999997,NY
72,40.683337350000045,-73.93661584299997,NY
73,40.67511061700003,-73.96826208299996,NY
74,40.598874647000045,-73.76382298499993,NY
75,40.860124446000036,-73.90283020099997,NY
76,40.63018538100005,-73.973676658,NY
77,40.656622611000046,-73.90498993699998,NY
78,40.72906475000008,-73.81102013199995,NY
79,40.599037063000026,-73.75616305599993,NY
80,40.627004560000046,-73.92481708399998,NY
81,40.81472921200003,-73.94920008599996,NY
82,40.69506787500006,-73.98074080599997,NY
83,40.81763060200007,-73.93838828999998,NY
84,40.65775788800004,-73.95177405399994,NY
85,40.667573424000075,-73.90729576599993,NY
86,40.77329984700003,-73.98802567999998,NY
87,40.68927245800006,-73.94364165399995,NY
88,40.575031251000034,-73.98988266699997,NY
89,40.82867545800008,-73.94398971599996,NY
90,40.822843728000066,-73.90364339199994,NY
91,40.88630442600004,-73.84790697499993,NY
92,40.75890301700008,-73.86119261,NY
93,40.637645444000036,-74.16125750199996,NY
94,40.73217303800004,-73.99430050099994,NY
95,40.672957431000036,-73.89319276099997,NY
96,40.65576388400007,-73.89900480999995,NY
97,40.600853653000044,-73.75465115799993,NY
98,40.82183394400005,-73.90072911699998,NY
99,40.84169493300004,-73.91110819299999,NY
100,40.681842679000056,-73.91697825799997,NY
101,40.68808199500006,-73.91759789999998,NY
102,40.82208252700008,-73.89033032599998,NY
103,40.74500029700005,-73.87012832399995,NY
104,40.67476654100005,-73.95004212899995,NY
105,40.68324211200007,-73.79418584899997,NY
106,40.815929553000046,-73.94516735699995,NY
107,40.84677496300003,-73.91417004,NY
108,40.67493633500004,-74.00756854399998,NY
109,40.80855767700007,-73.95235475399994,NY
110,40.84376218800003,-73.91174515299997,NY
111,40.66967500000004,-73.91686002399997,NY
112,40.66821599900004,-73.93117624799999,NY
113,40.67288014500008,-73.92369108599996,NY
114,40.68593576000006,-73.94007844399994,NY
115,40.765147083000045,-73.819437323,NY
116,40.82407474000007,-73.90871090099995,NY
117,40.676980833000066,-73.93731047899995,NY
118,40.66420738500005,-73.88775313199994,NY
119,40.654337620000035,-73.93456389399995,NY
120,40.68927245800006,-73.94364165399995,NY
121,40.59712056600006,-73.94124921699995,NY
122,40.68343247200004,-73.97890893699997,NY
123,40.67141166300007,-73.88151172399995,NY
124,40.810398494000026,-73.92489531099994,NY
125,40.88710575300007,-73.86086344699999,NY
126,40.868842130000075,-73.88004271999995,NY
127,40.76023534300003,-73.84899259199995,NY
128,40.71626346000005,-73.98407867999998,NY
129,40.65608178600007,-73.91922321999994,NY
130,40.63720462200007,-74.122566738,NY
131,40.85128738100008,-73.883074546,NY
132,40.826617293000034,-73.90313929099993,NY
133,40.66318945500007,-73.91005206599993,NY
134,40.62182224900005,-74.00227804999997,NY
135,40.66629650100003,-73.95083788699995,NY
136,40.82774366300004,-73.90438065399997,NY
137,40.64939238800008,-73.91871238299996,NY
138,40.815929553000046,-73.94516735699995,NY
139,40.63927418400005,-73.91368026799995,NY
140,40.74840838700004,-73.99994009499993,NY
141,40.818823297000044,-73.94123775899999,NY
142,40.815929553000046,-73.94516735699995,NY
143,40.64064843800003,-73.96337445699999,NY
144,40.618895663000046,-73.92788437599995,NY
145,40.78673189800003,-73.94113246799998,NY
146,40.84267692000003,-73.906845752,NY
147,40.63122789000005,-74.16528427199995,NY
148,40.68033280500004,-73.93842499899995,NY
149,40.90337931000005,-73.85444088699995,NY
150,40.82915525300007,-73.91598865499998,NY
151,40.59200026000008,-73.79606574699994,NY
152,40.663545173000045,-73.88984845299996,NY
153,40.673164918000055,-73.90776745999993,NY
154,40.68357537500003,-73.73089611399995,NY
155,40.68314119400002,-73.88258336199993,NY
156,40.67459999000005,-73.93057482199998,NY
157,40.70676502500004,-73.79275705599997,NY
158,40.639670548000026,-73.95369321599996,NY
159,40.81139311900005,-73.92231487199997,NY
160,40.67789986700007,-73.98428252099995,NY
161,40.68927245800006,-73.94364165399995,NY
162,40.83956042800003,-73.91594298999998,NY
163,40.69563614600002,-73.98136451699997,NY
164,40.88733281800006,-73.84725001299995,NY
165,40.82741405100006,-73.87794577499993,NY
166,40.69050586900005,-73.95900552099994,NY
167,40.740845645000036,-73.87592833199994,NY
168,40.67824325500004,-73.89550970099998,NY
169,40.63738769300004,-73.94911169499993,NY
170,40.81786438800003,-73.88799254199995,NY
171,40.83173182300004,-73.91500973199999,NY
172,40.69460248300004,-73.97312472899995,NY
173,40.69281900500005,-73.93886062099993,NY
174,40.65799306600008,-74.00069344599996,NY
175,40.810297536000064,-73.94548989099997,NY
176,40.820652506000044,-73.95636012799997,NY
177,40.65865240900007,-73.91373809099997,NY
178,40.86462793700008,-73.90886854099993,NY
179,40.79585588600002,-73.94787095499998,NY
180,40.667915107000056,-73.74604150199998,NY
181,40.68357537500003,-73.73089611399995,NY
182,40.818823297000044,-73.94123775899999,NY
183,40.63449190100005,-74.118151787,NY
184,40.68683423200008,-73.77471091499996,NY
185,40.85820486800003,-73.87097732199999,NY
186,40.70498067200003,-73.93320133799993,NY
187,40.670946067000045,-73.92109057299997,NY
188,40.57343941200002,-73.99174391099997,NY
189,40.68933015300007,-73.94968144799998,NY
190,40.793152657000064,-73.937497233,NY
191,40.83286256300004,-73.88624357899994,NY
192,40.63753230000003,-73.90796443499994,NY
193,40.66920019900005,-73.90964022299994,NY
194,40.68636981000003,-73.91459284799998,NY
195,40.646331289000045,-73.95865428799993,NY
196,40.597284244000036,-73.761930927,NY
197,40.66178800000005,-73.95365984099993,NY
198,40.86812253100004,-73.83136390999994,NY
199,40.695782146000056,-73.79066712199995,NY
200,40.89719968500003,-73.84911911299997,NY
201,40.79124111900006,-73.94597136299996,NY
202,40.67125445700003,-73.926713851,NY
203,40.83289538100007,-73.92671649599998,NY
204,40.69305842500006,-73.94004680099994,NY
205,40.88745131300004,-73.84760778699997,NY
206,40.68107652500004,-73.75369261099996,NY
207,40.598874647000045,-73.76382298499993,NY
208,40.67824325500004,-73.89550970099998,NY
209,40.84588066600002,-73.88617794499999,NY
210,40.60977656700004,-73.75061339299998,NY
211,40.79975213100005,-73.95124137999993,NY
212,40.814267648000055,-73.94818528599995,NY
213,40.81646565700004,-73.90780730799997,NY
214,40.75533853600007,-73.99117995599995,NY
215,40.700207616000064,-73.79115813299995,NY
216,40.794411697000044,-73.80279526499999,NY
217,40.79634123700004,-73.94119981599994,NY
218,40.672705716000046,-73.87242487399999,NY
219,40.83535328100004,-73.88475043899997,NY
220,40.80649455500002,-73.88677990599997,NY
221,40.66753342700008,-73.86424848999997,NY
222,40.65440412200008,-73.91837110599994,NY
223,40.69716921200006,-73.94374677499997,NY
224,40.78934789300007,-73.94735241299998,NY
225,40.67472664100006,-73.94112317399998,NY
226,40.66196424000003,-73.889912338,NY
227,40.74525274100006,-73.87006286999997,NY
228,40.64886713300007,-73.95082189999994,NY
229,40.815929553000046,-73.94516735699995,NY
230,40.62829017100006,-74.01901584699993,NY
231,40.72618713000002,-73.73523390399998,NY
232,40.78934789300007,-73.94735241299998,NY
233,40.67141166300007,-73.88151172399995,NY
234,40.71082759700005,-73.94463340099996,NY
235,40.838173866000034,-73.92735396399995,NY
236,40.67565855700008,-73.94995854199995,NY
237,40.63927418400005,-73.91368026799995,NY
238,40.841120042000064,-73.89050856099993,NY
239,40.66646466200007,-73.90410359499998,NY
240,40.82266065500005,-73.911520222,NY
241,40.81039601900005,-73.92531074499993,NY
242,40.636849591000036,-73.89596004099997,NY
243,40.603190622000064,-73.75008340299998,NY
244,40.79409372500004,-73.936810155,NY
245,40.82020410800004,-73.86363718199993,NY
246,40.79091383100007,-73.93913167799997,NY
247,40.669058206000045,-73.91058126399997,NY
248,40.69582236600007,-73.97891223099998,NY
249,40.78673189800003,-73.94113246799998,NY
250,40.67824325500004,-73.89550970099998,NY
251,40.78713453900008,-73.944999678,NY
252,40.777765037000044,-73.84616901299995,NY
253,40.81844220100004,-73.86853985099998,NY
254,40.85665355000003,-73.84387180799997,NY
255,40.68674841800004,-73.94604160299998,NY
256,40.753655629000036,-73.81306545699994,NY
257,40.695782146000056,-73.79066712199995,NY
258,40.67423304000005,-73.93199920199999,NY
259,40.878075016000025,-73.82595788299993,NY
260,40.670655072000045,-73.91339091999998,NY
261,40.70313848200004,-73.73134371399993,NY
262,40.664757631000036,-73.94680553199998,NY
263,40.82211655000003,-73.90061307699995,NY
264,40.67939467000008,-73.94498397699994,NY
265,40.68189408200004,-73.91979406899995,NY
266,40.62951608400005,-73.94415685499997,NY
267,40.82816046300008,-73.91813265899998,NY
268,40.69659229800004,-73.78348808399994,NY
269,40.683700646000034,-74.00050622499998,NY
270,40.67051514900004,-73.92956610799997,NY
271,40.867902134000076,-73.89563833299998,NY
272,40.67073208700003,-73.92537341399995,NY
273,40.69023761000005,-73.79987605699995,NY
274,40.667573424000075,-73.90729576599993,NY
275,40.86502854100007,-73.89276136399997,NY
276,40.62611213200007,-73.99244347999998,NY
277,40.639104514000046,-73.95220910499995,NY
278,40.69225907600002,-73.95026341599998,NY
279,40.866210002000045,-73.91765919199997,NY
280,40.78679244600005,-73.94713415399997,NY
281,40.67824325500004,-73.89550970099998,NY
282,40.690354429000074,-73.76177171299997,NY
283,40.66834956600008,-73.90651606299997,NY
284,40.847744318000025,-73.89187838399994,NY
285,40.62851560000007,-73.94138369799998,NY
286,40.820159322000045,-73.87247098199998,NY
287,40.868842130000075,-73.88004271999995,NY
288,40.628812269000036,-73.93664600899997,NY
289,40.63722303100008,-73.91262722399993,NY
290,40.81497244600007,-73.88620551699995,NY
291,40.72628777500006,-73.98779600499995,NY
292,40.58951588000008,-73.81365094899995,NY
293,40.74527438400003,-73.85595199899994,NY
294,40.64168677500004,-74.02289321399995,NY
295,40.851507714000036,-73.88382239499998,NY
296,40.698118935000025,-73.94975054899999,NY
297,40.82414626900004,-73.89294648299993,NY
298,40.676231908000034,-74.00694499699993,NY
299,40.789981956000084,-73.97056191299998,NY
300,40.59845378000005,-74.06524018,NY
301,40.837978220000025,-73.90714867299994,NY
302,40.68964821100008,-73.92405412199997,NY
303,40.68164709200005,-73.90879049699998,NY
304,40.80138689000006,-73.93270005999993,NY
305,40.59768570000005,-73.79659932599995,NY
306,40.632039881000026,-73.901234807,NY
307,40.71808997000005,-73.96491195899995,NY
308,40.80323524100004,-73.93469926599995,NY
309,40.82266065500005,-73.911520222,NY
310,40.844139945000045,-73.90038861799998,NY
311,40.67664717900004,-73.77693007999993,NY
312,40.841120042000064,-73.89050856099993,NY
313,40.800880893000055,-73.94095380699997,NY
314,40.70703111800003,-73.74238662699997,NY
315,40.81027545200004,-73.92562154799998,NY
316,40.687732210000036,-73.93749147799997,NY
317,40.84588066600002,-73.88617794499999,NY
318,40.83535328100004,-73.88475043899997,NY
319,40.68927245800006,-73.94364165399995,NY
320,40.83754882800008,-73.92019187599993,NY
321,40.66151554700008,-73.910576957,NY
322,40.656598197000044,-73.88162813699995,NY
323,40.657599203000075,-73.883493317,NY
324,40.83119531600005,-73.91327951999993,NY
325,40.83576922100008,-73.90439441599993,NY
326,40.88179268700002,-73.86371337599995,NY
327,40.67162408600007,-73.925289503,NY
328,40.669692375000075,-73.91074262999997,NY
329,40.68033280500004,-73.93842499899995,NY
330,40.82748529600008,-73.84576861199997,NY
331,40.68893669000005,-73.91910769699997,NY
332,40.67824325500004,-73.89550970099998,NY
333,40.85610189400006,-73.88611707499997,NY
334,40.60673849300008,-73.75852627599994,NY
335,40.758276567000046,-73.88017686499995,NY
336,40.70945997800004,-73.94314125399995,NY
337,40.659930565000025,-73.92412760099995,NY
338,40.67110691100004,-73.88143295699997,NY
339,40.83750814100006,-73.90292466999993,NY
340,40.646331289000045,-73.95865428799993,NY
341,40.65163996100006,-73.83790790099994,NY
342,40.86436863500006,-73.86544107799993,NY
343,40.78970953800007,-73.96797272299993,NY
344,40.66513466900005,-73.76544834199996,NY
345,40.85358740100002,-73.90059135599995,NY
346,40.65348897400003,-73.90951734499998,NY
347,40.676051596000036,-73.93461108799994,NY
348,40.788586771000034,-73.94556544499993,NY
349,40.844139945000045,-73.90038861799998,NY
350,40.69339313600005,-73.75793838099996,NY
351,40.72300909500007,-73.97808828999997,NY
352,40.89922835500005,-73.85365417799993,NY
353,40.86510066700004,-73.90292416199995,NY
354,40.810351863000044,-73.92494232599995,NY
355,40.63203652900006,-74.12224020199994,NY
356,40.57758741600002,-73.97633607099993,NY
357,40.60108730400003,-74.13120432699995,NY
358,40.772412907000046,-73.931729267,NY
359,40.65188819400004,-73.89586451299994,NY
360,40.886055507000044,-73.87875671899997,NY
361,40.704430248000044,-73.80271159899995,NY
362,40.68910828500003,-73.78696320699999,NY
363,40.68964821100008,-73.92405412199997,NY
364,40.83754882800008,-73.92019187599993,NY
365,40.85026097600007,-73.88874043199995,NY
366,40.86436863500006,-73.86544107799993,NY
367,40.667322745000035,-73.87450426199997,NY
368,40.63388516500004,-74.13333686699998,NY
369,40.66646466200007,-73.90410359499998,NY
370,40.797481848000075,-73.93889813399994,NY
371,40.86413608500004,-73.91918020999998,NY
372,40.68908094300008,-73.92130709899999,NY
373,40.85665355000003,-73.84387180799997,NY
374,40.84507992600004,-73.89264894999997,NY
375,40.86575026400004,-73.90186388799998,NY
376,40.85579558300003,-73.90557300699999,NY
377,40.81974139400006,-73.93858143399994,NY
378,40.849225244000024,-73.92080679799993,NY
379,40.81646565700004,-73.90780730799997,NY
380,40.69783630800004,-73.79584659799998,NY
381,40.86603507500007,-73.89193541699996,NY
382,40.67504389800007,-73.896675557,NY
383,40.847368191000044,-73.90418256499999,NY
384,40.89926251900005,-73.850329833,NY
385,40.67132944000008,-73.92809805199995,NY
386,40.83772938900006,-73.92761826599997,NY
387,40.65269512700007,-73.96284167499994,NY
388,40.675276877000044,-74.00366424199996,NY
389,40.63276100000007,-73.88840048899993,NY
390,40.697400473000066,-73.95130180499996,NY
391,40.852524508000045,-73.91708331899997,NY
392,40.84018440800003,-73.92527007399997,NY
393,40.69882728300007,-73.938819047,NY
394,40.63018538100005,-73.973676658,NY
395,40.680048726000045,-73.77590919399995,NY
396,40.82001525600003,-73.88697367999998,NY
397,40.726965067000044,-73.95311662899995,NY
398,40.753968462000046,-73.90834136499996,NY
399,40.694452556000044,-73.97800030799993,NY
400,40.78675437600003,-73.94216162599997,NY
401,40.69053445900005,-73.94244341499996,NY
402,40.65025213200005,-73.96241779099995,NY
403,40.67541918000006,-73.93753906899997,NY
404,40.81192098600008,-73.94255158399994,NY
405,40.76095665400004,-73.93223915499993,NY
406,40.67459999000005,-73.93057482199998,NY
407,40.68846514200004,-73.93763502499998,NY
408,40.773793373000046,-73.93628062799998,NY
409,40.67905610700007,-73.88444369199993,NY
410,40.64886713300007,-73.95082189999994,NY
411,40.68787242800005,-73.93303097499995,NY
412,40.74798569200004,-74.00089288399994,NY
413,40.67059605900005,-73.76508667399997,NY
414,40.60327400700004,-73.75310453299994,NY
415,40.67141166300007,-73.88151172399995,NY
416,40.82514498300003,-73.88964960399994,NY
417,40.73643595700002,-73.95691324499995,NY
418,40.69979726200007,-73.98166990199995,NY
419,40.820652506000044,-73.95636012799997,NY
420,40.697293100000024,-73.79444901099998,NY
421,40.88733281800006,-73.84725001299995,NY
422,40.68136029300007,-73.79326865999997,NY
423,40.87119346900005,-73.85317351699997,NY
424,40.825000207000066,-73.91661537699997,NY
425,40.67051514900004,-73.92956610799997,NY
426,40.726785644000074,-73.97686757799994,NY
427,40.677781508000066,-73.93586041499998,NY
428,40.687732210000036,-73.93749147799997,NY
429,40.78226833600007,-73.94544422899995,NY
430,40.66853274500005,-73.89016824799995,NY
431,40.81888137300007,-73.91927129699997,NY
432,40.63242457100006,-73.88404526199997,NY
433,40.83628833500006,-73.92748973599998,NY
434,40.86156731900007,-73.90851844399998,NY
435,40.641818708000066,-73.93465544299994,NY
436,40.79898610500004,-73.94461786899996,NY
437,40.70676502500004,-73.79275705599997,NY
438,40.68280824200008,-73.78215191799995,NY
439,40.65418639400008,-73.88518593999999,NY
440,40.85674293200003,-73.90278091699997,NY
441,40.83722861900003,-73.90678471699994,NY
442,40.597492870000046,-73.76326972799995,NY
443,40.69471253700004,-73.80041797699994,NY
444,40.81915052700003,-73.93718378399994,NY
445,40.66052686300003,-73.91715616699997,NY
446,40.82286114200008,-73.91916530199995,NY
447,40.75710969200002,-73.94471043899993,NY
448,40.66858395700007,-73.92697993199994,NY
449,40.581070261000036,-74.00071064399998,NY
450,40.67577061900005,-73.75876302999995,NY
451,40.63036654500007,-73.97371261299999,NY
452,40.664515169000026,-73.90658992299996,NY
453,40.86436863500006,-73.86544107799993,NY
454,40.64833956800004,-73.89937641499995,NY
455,40.75627543400003,-73.94501432899995,NY
456,40.68927245800006,-73.94364165399995,NY
457,40.59646293100008,-73.77246640899993,NY
458,40.67265871800004,-73.89076708999994,NY
459,40.88637354300005,-73.83431213299998,NY
460,40.863899339000056,-73.89155204499998,NY
461,40.575031251000034,-73.98988266699997,NY
462,40.593768616000034,-73.78441919999993,NY
463,40.84676363700004,-73.91011107099996,NY
464,40.653630717000055,-73.96168068299994,NY
465,40.84267692000003,-73.906845752,NY
466,40.653630717000055,-73.96168068299994,NY
467,40.88745131300004,-73.84760778699997,NY
468,40.67080060200004,-73.87470680099993,NY
469,40.663069018000044,-73.94557775899995,NY
470,40.67851591200008,-73.92914304899993,NY
471,40.63279800500004,-74.16521970799994,NY
472,40.80743404000003,-73.912970923,NY
473,40.84588066600002,-73.88617794499999,NY
474,40.65838141500007,-73.88618429299999,NY
475,40.66194314900008,-73.92102913399998,NY
476,40.67551445000004,-73.90115961199997,NY
477,40.846020053000075,-73.88837886,NY
478,40.80855767700007,-73.95235475399994,NY
479,40.759450567000044,-73.933576266,NY
480,40.70323833200007,-73.78107890399998,NY
481,40.63036654500007,-73.97371261299999,NY
482,40.81974139400006,-73.93858143399994,NY
483,40.672615329000045,-73.93494971999998,NY
484,40.85071487300007,-73.884199702,NY
485,40.65799306600008,-74.00069344599996,NY
486,40.76529111600007,-73.99321106099995,NY
487,40.846020053000075,-73.88837886,NY
488,40.57916262500004,-74.00037223199999,NY
489,40.66116459600005,-73.90758581299998,NY
490,40.81763060200007,-73.93838828999998,NY
491,40.63122789000005,-74.16528427199995,NY
492,40.795258198000056,-73.94935940799998,NY
493,40.64128004900005,-73.95639455799993,NY
494,40.65775788800004,-73.95177405399994,NY
495,40.678623092000066,-73.87713289299995,NY
496,40.66260875300003,-73.76510038499998,NY
497,40.675411501000035,-73.87191497999999,NY
498,40.839286927000046,-73.91728413099996,NY
499,40.820369696000064,-73.93813284599996,NY
500,40.63752013100003,-73.95757161699999,NY
501,40.846020053000075,-73.88837886,NY
502,40.88907795500006,-73.86444348399993,NY
503,40.889933635000034,-73.85930232199999,NY
504,40.68573773900005,-73.87476166599998,NY
505,40.66600514800007,-73.92903017799993,NY
506,40.85665355000003,-73.84387180799997,NY
507,40.65375368100007,-73.91847281299994,NY
508,40.80919375100007,-73.92518927399993,NY
509,40.86413608500004,-73.91918020999998,NY
510,40.738560221000064,-73.99968389599995,NY
511,40.80855767700007,-73.95235475399994,NY
512,40.65858414500008,-73.91421393599995,NY
513,40.63279800500004,-74.16521970799994,NY
514,40.84267692000003,-73.906845752,NY
515,40.652262403000066,-73.76050942399995,NY
516,40.815929553000046,-73.94516735699995,NY
517,40.81670371100006,-73.86522675299993,NY
518,40.65106272200006,-73.92929833799997,NY
519,40.81039601900005,-73.92531074499993,NY
520,40.815929553000046,-73.94516735699995,NY
521,40.67141166300007,-73.88151172399995,NY
522,40.80088659200004,-73.96076156699995,NY
523,40.877554428000046,-73.87293947099994,NY
524,40.688870297000044,-73.91096936799994,NY
525,40.65734573700007,-73.90319404099995,NY
526,40.70370700800004,-73.94325796599996,NY
527,40.773793373000046,-73.93628062799998,NY
528,40.65322793300004,-73.91269636099996,NY
529,40.67577061900005,-73.75876302999995,NY
530,40.84460257800004,-73.88166226199995,NY
531,40.797321243000056,-73.93150507699994,NY
532,40.67141166300007,-73.88151172399995,NY
533,40.74790373800005,-73.86967874999993,NY
534,40.883662325000046,-73.90208336599994,NY
535,40.668067545000035,-73.90402198699995,NY
536,40.66692937100004,-73.89561033099994,NY
537,40.685509910000064,-73.75267385499995,NY
538,40.636302737000044,-73.91904899599997,NY
539,40.679847490000036,-73.93938447299999,NY
540,40.66629650100003,-73.95083788699995,NY
541,40.66165207100005,-73.90966126099994,NY
542,40.83114878400005,-73.87977100099994,NY
543,40.69579171600003,-73.939095905,NY
544,40.824452463000064,-73.94074500599999,NY
545,40.75512417800008,-73.90856356099994,NY
546,40.83535328100004,-73.88475043899997,NY
547,40.697224498000026,-73.97661096599995,NY
548,40.690007239000074,-73.92747572399995,NY
549,40.868842130000075,-73.88004271999995,NY
550,40.61359659200008,-74.08266601399998,NY
551,40.85131608800003,-73.90211652299999,NY
552,40.70614538300004,-73.95150100299998,NY
553,40.83535328100004,-73.88475043899997,NY
554,40.79792604000005,-73.96384775399997,NY
555,40.57343489500005,-74.10580866699995,NY
556,40.68354911000005,-73.98849609399997,NY
557,40.670132766000044,-73.95527261499996,NY
558,40.63973054600008,-73.95274192999993,NY
559,40.70624253900007,-74.01432761799998,NY
560,40.751155322000045,-73.85729995999998,NY
561,40.67664717900004,-73.77693007999993,NY
562,40.85031637100008,-73.88643783499998,NY
563,40.662325758000065,-73.88908632899995,NY
564,40.78934789300007,-73.94735241299998,NY
565,40.87202025100004,-73.84121066399997,NY
566,40.856714976000035,-73.92833866999997,NY
567,40.57758741600002,-73.97633607099993,NY
568,40.83061151500005,-73.90728181399999,NY
569,40.83732351100008,-73.91983075699994,NY
570,40.66753342700008,-73.86424848999997,NY
571,40.63824057800008,-74.11615148699997,NY
572,40.86370044700004,-73.90572447299998,NY
573,40.825000207000066,-73.91661537699997,NY
574,40.659284453000055,-73.88899767499998,NY
575,40.64725792400003,-73.95569515599993,NY
576,40.784562132000076,-73.943774052,NY
577,40.67602847200004,-73.94853062299995,NY
578,40.756744052000045,-73.99450053399994,NY
579,40.59368532700007,-73.75907037999998,NY
580,40.65788646700002,-73.91354085199998,NY
581,40.652572760000055,-73.951219199,NY
582,40.61549122300004,-74.08165622999995,NY
583,40.82338729100008,-73.87017045,NY
584,40.65132343000005,-73.95696100099997,NY
585,40.62851560000007,-73.94138369799998,NY
586,40.871553006000056,-73.90239768799995,NY
587,40.830641297000064,-73.87487918899996,NY
588,40.75890301700008,-73.86119261,NY
589,40.664757631000036,-73.94680553199998,NY
590,40.670366460000025,-73.91284696199995,NY
591,40.72877369400004,-73.98155730099995,NY
592,40.862358540000045,-73.89641346699995,NY
593,40.71294510200005,-73.79518349799997,NY
594,40.677044310000035,-73.96362125499998,NY
595,40.68033280500004,-73.93842499899995,NY
596,40.69969571000007,-73.98169156899995,NY
597,40.675322275000035,-73.73824062799997,NY
598,40.620995666000056,-73.990127854,NY
599,40.69627862000005,-73.85456486499999,NY
600,40.772591480000074,-73.986032874,NY
601,40.67110347200002,-73.87814169599994,NY
602,40.754619097000045,-73.87619504199995,NY
603,40.66194314900008,-73.92102913399998,NY
604,40.592418432000045,-73.78899638899995,NY
605,40.88390766400005,-73.84950730499997,NY
606,40.65844352300008,-73.90979175299998,NY
607,40.85625866100002,-73.90136457399994,NY
608,40.68050935700006,-73.75287988099996,NY
609,40.844139945000045,-73.90038861799998,NY
610,40.83119531600005,-73.91327951999993,NY
611,40.681413218000046,-73.92725792699997,NY
612,40.669551686000034,-73.91713774799997,NY
613,40.66753342700008,-73.86424848999997,NY
614,40.59912605500005,-74.07459264799998,NY
615,40.66035902700002,-73.74126209899998,NY
616,40.82303816300004,-73.91721038699995,NY
617,40.680048726000045,-73.77590919399995,NY
618,40.815929553000046,-73.94516735699995,NY
619,40.80653810100006,-73.918910596,NY
620,40.64842111900003,-73.90489710899999,NY
621,40.57758741600002,-73.97633607099993,NY
622,40.83593960600007,-73.88646598899999,NY
623,40.68971670900004,-73.78795288699997,NY
624,40.67602847200004,-73.94853062299995,NY
625,40.58734650400004,-73.81304853899995,NY
626,40.656622611000046,-73.90498993699998,NY
627,40.65077685500006,-73.93320515299997,NY
628,40.860124446000036,-73.90283020099997,NY
629,40.82867545800008,-73.94398971599996,NY
630,40.65272464900005,-73.93150216299993,NY
631,40.66254286800007,-73.89829168299997,NY
632,40.58734650400004,-73.81304853899995,NY
633,40.844139945000045,-73.90038861799998,NY
634,40.78934789300007,-73.94735241299998,NY
635,40.85443147800004,-73.90558940299998,NY
636,40.79896399800003,-73.95031371999994,NY
637,40.64085528000004,-73.95820727299997,NY
638,40.82885104500008,-73.94383419099995,NY
639,40.69313863700007,-73.93608724999996,NY
640,40.65576388400007,-73.89900480999995,NY
641,40.63122789000005,-74.16528427199995,NY
642,40.59211702600004,-73.98436031899995,NY
643,40.69891224500003,-73.94991584399997,NY
644,40.743124599000055,-73.95606807299998,NY
645,40.657957922000044,-73.88266012399998,NY
646,40.58630949600007,-73.81678497499998,NY
647,40.69641100300004,-73.94242752399998,NY
648,40.69969571000007,-73.98169156899995,NY
649,40.70138766100007,-73.75230117999998,NY
650,40.59646293100008,-73.77246640899993,NY
651,40.89719968500003,-73.84911911299997,NY
652,40.85071487300007,-73.884199702,NY
653,40.66081511600004,-73.90992190699995,NY
654,40.610035502000066,-73.75358735299993,NY
655,40.66646466200007,-73.90410359499998,NY
656,40.862919927000064,-73.92281505299998,NY
657,40.80855767700007,-73.95235475399994,NY
658,40.81144646400003,-73.91618440899998,NY
659,40.81316796700002,-73.95035007999998,NY
660,40.646331289000045,-73.95865428799993,NY
661,40.67824325500004,-73.89550970099998,NY
662,40.66912567900005,-73.90570750399995,NY
663,40.62611213200007,-73.99244347999998,NY
664,40.904814500000036,-73.84577004099998,NY
665,40.68927245800006,-73.94364165399995,NY
666,40.680845368000064,-73.89558133699995,NY
667,40.65815884800003,-73.91817909399998,NY
668,40.676325873000046,-73.92526620999998,NY
669,40.677928044000055,-73.92835772799998,NY
670,40.83754882800008,-73.92019187599993,NY
671,40.751222840000025,-73.98045027299997,NY
672,40.81740254300007,-73.88724185399997,NY
673,40.68041746400007,-73.97295017499994,NY
674,40.82034873600002,-73.94002245199994,NY
675,40.695640535000045,-73.85139999399995,NY
676,40.83457169800005,-73.87485011499997,NY
677,40.73704189400007,-73.85517954199997,NY
678,40.65775788800004,-73.95177405399994,NY
679,40.845009279000074,-73.87947849199999,NY
680,40.68927245800006,-73.94364165399995,NY
681,40.67141166300007,-73.88151172399995,NY
682,40.814612232000066,-73.91395501999993,NY
683,40.66970364700006,-73.92250873499995,NY
684,40.80022202900005,-73.93084834199995,NY
685,40.82208252700008,-73.89033032599998,NY
686,40.88907795500006,-73.86444348399993,NY
687,40.81157523500008,-73.94272166899998,NY
688,40.67141166300007,-73.88151172399995,NY
689,40.699590998000076,-73.95177985899994,NY
690,40.74527438400003,-73.85595199899994,NY
691,40.817011183000034,-73.89423327699996,NY
692,40.66846680400005,-73.89600444799999,NY
693,40.69459323800004,-73.79347284999993,NY
694,40.863003221000035,-73.92425384299997,NY
695,40.84349079400005,-73.88979626899999,NY
696,40.651946602000066,-73.92939470699997,NY
697,40.784507365000024,-73.97548255699995,NY
698,40.82867545800008,-73.94398971599996,NY
699,40.82424917200007,-73.95217731099996,NY
700,40.61549122300004,-74.08165622999995,NY
701,40.83342426000007,-73.90000715499998,NY
702,40.726421843000026,-73.73584631499993,NY
703,40.89922835500005,-73.85365417799993,NY
704,40.87565023100007,-73.90835442799995,NY
705,40.69891224500003,-73.94991584399997,NY
706,40.86436863500006,-73.86544107799993,NY
707,40.61925542700004,-74.01032142899999,NY
708,40.65732259300006,-73.91196656999993,NY
709,40.68830009000004,-73.81480639599994,NY
710,40.84386351200004,-73.91509543199999,NY
711,40.66452749800004,-73.94773929099993,NY
712,40.64886713300007,-73.95082189999994,NY
713,40.76077656700004,-73.87208653299997,NY
714,40.831293326000036,-73.89573911599996,NY
715,40.65747454300004,-73.95028934799996,NY
716,40.831863965000025,-73.85707627399995,NY
717,40.63752013100003,-73.95757161699999,NY
718,40.58734650400004,-73.81304853899995,NY
719,40.80097708200003,-73.95317647399997,NY
720,40.80814283800004,-73.945300203,NY
721,40.729939364000074,-73.81043314199997,NY
722,40.677490086000034,-73.93032305199995,NY
723,40.603190622000064,-73.75008340299998,NY
724,40.753968462000046,-73.90834136499996,NY
725,40.681413218000046,-73.92725792699997,NY
726,40.60405358100007,-73.75699103699995,NY
727,40.64472613100002,-74.07748315899995,NY
728,40.88086800100007,-73.88406039299997,NY
729,40.69747618400004,-73.91599229699995,NY
730,40.62444156600003,-73.93486338199995,NY
731,40.82320382800003,-73.86341785999997,NY
732,40.88907795500006,-73.86444348399993,NY
733,40.860124446000036,-73.90283020099997,NY
734,40.62423677200008,-74.08075553299993,NY
735,40.689405478000026,-73.98111745299997,NY
736,40.669800045000045,-73.75975792999998,NY
737,40.609437266000036,-74.08766703399994,NY
738,40.66493844700005,-73.91439319999995,NY
739,40.69831250200008,-73.95314759599995,NY
740,40.806734361000046,-73.93896910899997,NY
741,40.67690313600008,-73.98171945599995,NY
742,40.63279800500004,-74.16521970799994,NY
743,40.67141166300007,-73.88151172399995,NY
744,40.70614538300004,-73.95150100299998,NY
745,40.672786795000036,-73.86647288899997,NY
746,40.66151554700008,-73.910576957,NY
747,40.81765798700008,-73.90579692299998,NY
748,40.85777050600007,-73.89460587699995,NY
749,40.63306790400002,-73.92497238099996,NY
750,40.82179908200004,-73.91937253599998,NY
751,40.826169612000065,-73.91683070899995,NY
752,40.83375246000002,-73.86873003699995,NY
753,40.63807818300006,-74.13184274799994,NY
754,40.65809611100008,-73.95326594399995,NY
755,40.80747335900003,-73.94579563399995,NY
756,40.88733281800006,-73.84725001299995,NY
757,40.86370044700004,-73.90572447299998,NY
758,40.70617856900003,-73.75806147399999,NY
759,40.72055161600008,-74.00773967399994,NY
760,40.64831592000007,-73.89746290699999,NY
761,40.82266065500005,-73.911520222,NY
762,40.660565758000075,-73.75035143299993,NY
763,40.70964335600007,-73.94209507399995,NY
764,40.71156493900003,-73.98834336899995,NY
765,40.712742846000026,-73.739879219,NY
766,40.59368532700007,-73.75907037999998,NY
767,40.84001840900004,-73.87343400399999,NY
768,40.65269512700007,-73.96284167499994,NY
769,40.64858569000006,-73.96133762799997,NY
770,40.67577061900005,-73.75876302999995,NY
771,40.683580560000046,-73.87245815299997,NY
772,40.59404891600008,-73.75320345499993,NY
773,40.90379369100003,-73.85009895999997,NY
774,40.83732351100008,-73.91983075699994,NY
775,40.816122327000066,-73.89775711899993,NY
776,40.67824325500004,-73.89550970099998,NY
777,40.67675342200005,-73.93315390099998,NY
778,40.679308959000025,-73.94961690299994,NY
779,40.69267620800008,-73.90957595399993,NY
780,40.58775026200004,-73.80986825599996,NY
781,40.64610731800008,-73.89249341199995,NY
782,40.68477232800007,-73.77441861399996,NY
783,40.61220639800007,-73.90495950599995,NY
784,40.59221527000005,-73.93549972199997,NY
785,40.60327400700004,-73.75310453299994,NY
786,40.86436863500006,-73.86544107799993,NY
787,40.65838141500007,-73.88618429299999,NY
788,40.69327412300004,-73.97359405499998,NY
789,40.69023761000005,-73.79987605699995,NY
790,40.66771539100006,-73.90635474099996,NY
791,40.82211655000003,-73.90061307699995,NY
792,40.70059059000005,-73.80774319999993,NY
793,40.710548340000045,-73.75550625999993,NY
794,40.69539152700002,-73.97940641699995,NY
795,40.67467676300004,-73.94020752699998,NY
796,40.88733281800006,-73.84725001299995,NY
797,40.87524468400005,-73.85106369699997,NY
798,40.61320195400003,-73.926298547,NY
799,40.654879667000046,-73.96190341499994,NY
800,40.68428204500003,-73.98934328299998,NY
801,40.853528832000045,-73.90272054899998,NY
802,40.670366460000025,-73.91284696199995,NY
803,40.69276310300006,-73.75081506299993,NY
804,40.623140111000055,-74.08284714199993,NY
805,40.831238650000046,-73.94322870999997,NY
806,40.845315981000056,-73.88974987299997,NY
807,40.65233201600006,-73.94682624999997,NY
808,40.66902257700008,-73.95915931099995,NY
809,40.821472723000056,-73.90527847099996,NY
810,40.75627543400003,-73.94501432899995,NY
811,40.68114495900005,-73.95566903799994,NY
812,40.75512417800008,-73.90856356099994,NY
813,40.63403548700006,-73.94729118999999,NY
814,40.75890301700008,-73.86119261,NY
815,40.67870758200007,-74.00861450999997,NY
816,40.65732259300006,-73.91196656999993,NY
817,40.74296235400004,-73.95527424799997,NY
818,40.70721492400003,-74.00595273699997,NY
819,40.67459999000005,-73.93057482199998,NY
820,40.69639298900006,-73.97739020999995,NY
821,40.640320114000076,-73.93979151099995,NY
822,40.83096704500008,-73.89311257399999,NY
823,40.66646466200007,-73.90410359499998,NY
824,40.603190622000064,-73.75008340299998,NY
825,40.846020053000075,-73.88837886,NY
826,40.68357537500003,-73.73089611399995,NY
827,40.800880893000055,-73.94095380699997,NY
828,40.695782146000056,-73.79066712199995,NY
829,40.650683352000044,-73.96331128799993,NY
830,40.66547225800008,-73.81857169299997,NY
831,40.65682040400003,-73.95480940099996,NY
832,40.65734573700007,-73.90319404099995,NY
833,40.68707368100007,-73.94320360999996,NY
834,40.86436863500006,-73.86544107799993,NY
835,40.69802285500003,-73.90264451499998,NY
836,40.81932048600004,-73.915383261,NY
837,40.69383823400005,-73.75814952599995,NY
838,40.697224498000026,-73.97661096599995,NY
839,40.798260642000045,-73.94286676199994,NY
840,40.68733525300007,-73.93441973499995,NY
841,40.87047906600003,-73.84625102199995,NY
842,40.63018538100005,-73.973676658,NY
843,40.64802513400008,-73.90401117799998,NY
844,40.68387905700007,-74.00032594799995,NY
845,40.817011183000034,-73.89423327699996,NY
846,40.80038048100005,-73.95078943299995,NY
847,40.69050586900005,-73.95900552099994,NY
848,40.67824325500004,-73.89550970099998,NY
849,40.853400299000036,-73.92984237199995,NY
850,40.65732259300006,-73.91196656999993,NY
851,40.70372081700003,-73.93809683099995,NY
852,40.680048726000045,-73.77590919399995,NY
853,40.683700646000034,-74.00050622499998,NY
854,40.75890301700008,-73.86119261,NY
855,40.708280688000045,-73.96658711699997,NY
856,40.79124111900006,-73.94597136299996,NY
857,40.80855767700007,-73.95235475399994,NY
858,40.84813252600002,-73.89927299199995,NY
859,40.73578327800004,-73.81062580299994,NY
860,40.66848252400007,-73.96108818199998,NY
861,40.640783561000035,-73.957241647,NY
862,40.65025213200005,-73.96241779099995,NY
863,40.676198799000076,-73.88444864199994,NY
864,40.833628590000046,-73.89520062899999,NY
865,40.65269512700007,-73.96284167499994,NY
866,40.861102072000044,-73.90021498999994,NY
867,40.668067545000035,-73.90402198699995,NY
868,40.813511574000074,-73.91768103899994,NY
869,40.81300852900005,-73.95654576899994,NY
870,40.88733281800006,-73.84725001299995,NY
871,40.859626495000036,-73.89523196499994,NY
872,40.653630717000055,-73.96168068299994,NY
873,40.814414915000036,-73.94053357099993,NY
874,40.68594655400005,-73.91383979899997,NY
875,40.68964821100008,-73.92405412199997,NY
876,40.575991993000045,-73.99060607299998,NY
877,40.68034722300007,-73.93003524099998,NY
878,40.65348503300004,-73.91150672499998,NY
879,40.63122789000005,-74.16528427199995,NY
880,40.88733281800006,-73.84725001299995,NY
881,40.82342386900008,-73.90158306099994,NY
882,40.836105283000045,-73.93838202299997,NY
883,40.67162408600007,-73.925289503,NY
884,40.78621722200006,-73.94380515399995,NY
885,40.70676502500004,-73.79275705599997,NY
886,40.841448077000045,-73.90445130899997,NY
887,40.70617856900003,-73.75806147399999,NY
888,40.60629019800007,-73.75422061799998,NY
889,40.82491238500006,-73.86691195599997,NY
890,40.57758741600002,-73.97633607099993,NY
891,40.82614070600005,-73.90107679499994,NY
892,40.844139945000045,-73.90038861799998,NY
893,40.596030314000075,-73.74302372499993,NY
894,40.707047475000024,-73.79261190399995,NY
895,40.885540183000046,-73.85332627499997,NY
896,40.78934789300007,-73.94735241299998,NY
897,40.815929553000046,-73.94516735699995,NY
898,40.68136029300007,-73.79326865999997,NY
899,40.810351863000044,-73.92494232599995,NY
900,40.69866511400005,-73.79119181599998,NY
901,40.64148945800008,-73.93991657099998,NY
902,40.83294176100002,-73.93543259299997,NY
903,40.81765798700008,-73.90579692299998,NY
904,40.596732839000026,-73.80106732499998,NY
905,40.677928044000055,-73.92835772799998,NY
906,40.751222840000025,-73.98045027299997,NY
907,40.66248621300008,-73.92451757499998,NY
908,40.680314367000044,-73.913958843,NY
909,40.855580961000044,-73.86383938399997,NY
910,40.83855090900005,-73.90939937399997,NY
911,40.857310106000064,-73.89240146599997,NY
912,40.67393477000007,-73.88214893999998,NY
913,40.60977656700004,-73.75061339299998,NY
914,40.67824325500004,-73.89550970099998,NY
915,40.670655072000045,-73.91339091999998,NY
916,40.865911578000066,-73.90439085199995,NY
917,40.671367750000044,-73.87629910499999,NY
918,40.70614538300004,-73.95150100299998,NY
919,40.66468589900006,-73.89452887499993,NY
920,40.59763735300004,-73.78658887599995,NY
921,40.85657672800004,-73.84389367799997,NY
922,40.69293103200005,-73.93790851499993,NY
923,40.755667508000045,-73.94804678299994,NY
924,40.88722715100005,-73.90473632399994,NY
925,40.58734650400004,-73.81304853899995,NY
926,40.84266656700004,-73.88894829999998,NY
927,40.69409828200002,-73.93426883799998,NY
928,40.78673189800003,-73.94113246799998,NY
929,40.73211282000005,-73.741153076,NY
930,40.68699927500006,-73.93734432899998,NY
931,40.816122327000066,-73.89775711899993,NY
932,40.797257565000045,-73.96804132599993,NY
933,40.818823297000044,-73.94123775899999,NY
934,40.88565451400007,-73.82872638499998,NY
935,40.65690638000007,-73.88509115599999,NY
936,40.64886713300007,-73.95082189999994,NY
937,40.65407147900004,-73.95138028299993,NY
938,40.603190622000064,-73.75008340299998,NY
939,40.63681896700007,-74.11865312699997,NY
940,40.61549122300004,-74.08165622999995,NY
941,40.74223907000004,-73.95884377599998,NY
942,40.67639669900007,-74.00492250999997,NY
943,40.657957922000044,-73.88266012399998,NY
944,40.85227171500002,-73.92058628899997,NY
945,40.79409372500004,-73.936810155,NY
946,40.70614538300004,-73.95150100299998,NY
947,40.75627543400003,-73.94501432899995,NY
948,40.66452749800004,-73.94773929099993,NY
949,40.85093954100006,-73.89228887299998,NY
950,40.87538575600007,-73.85191313299998,NY
951,40.67110691100004,-73.88143295699997,NY
952,40.861944175000076,-73.920773576,NY
953,40.79975213100005,-73.95124137999993,NY
954,40.670804244000074,-73.91845197199996,NY
955,40.83896438200002,-73.86374690299994,NY
956,40.69459323800004,-73.79347284999993,NY
957,40.653630717000055,-73.96168068299994,NY
958,40.64732133200005,-73.92889509599996,NY
959,40.74500029700005,-73.87012832399995,NY
960,40.67568173100005,-73.89784623999998,NY
961,40.83886177100004,-73.91030606099997,NY
962,40.88012458500003,-73.90228023499998,NY
963,40.67576991200008,-73.91516161399994,NY
964,40.59596336300007,-73.77107818399995,NY
965,40.62589879500007,-73.93441525599997,NY
966,40.65838141500007,-73.88618429299999,NY
967,40.81027545200004,-73.92562154799998,NY
968,40.68674841800004,-73.94604160299998,NY
969,40.71156493900003,-73.98834336899995,NY
970,40.675727746000064,-73.92149590099996,NY
971,40.64894086900005,-73.88494631099995,NY
972,40.64116269600004,-73.94514161199999,NY
973,40.83593960600007,-73.88646598899999,NY
974,40.82736692100008,-73.90685995799998,NY
975,40.70659994400006,-73.79560695699999,NY
976,40.59221527000005,-73.93549972199997,NY
977,40.670946067000045,-73.92109057299997,NY
978,40.75890301700008,-73.86119261,NY
979,40.705467835000036,-73.79489628999994,NY
980,40.756667420000035,-73.94394919599996,NY
981,40.66654015100005,-73.87932514799998,NY
982,40.821862408000065,-73.942640554,NY
983,40.66790942700004,-73.93260042799993,NY
984,40.707047475000024,-73.79261190399995,NY
985,40.830543869000046,-73.91570143399997,NY
986,40.69716921200006,-73.94374677499997,NY
987,40.82965936100004,-73.90424420099998,NY
988,40.74376638800004,-73.98797324599997,NY
989,40.81027545200004,-73.92562154799998,NY
990,40.603190622000064,-73.75008340299998,NY
991,40.83855090900005,-73.90939937399997,NY
992,40.84588066600002,-73.88617794499999,NY
993,40.79409372500004,-73.936810155,NY
994,40.81326462100003,-73.93027845099994,NY
995,40.72547688900005,-73.88850499499993,NY
996,40.67432190500005,-73.95008211799995,NY
997,40.671096840000075,-73.90620940099996,NY
998,40.85665355000003,-73.84387180799997,NY
999,40.758386148000056,-73.83360897499993,NY
1000,40.809092626000044,-73.92585406199998,NY
1001,40.68927245800006,-73.94364165399995,NY
1002,40.64165977700002,-73.90377530899997,NY
1003,40.74790373800005,-73.86967874999993,NY
1004,40.66304320600005,-73.90565842999997,NY
1005,40.81300852900005,-73.95654576899994,NY
1006,40.83540554900002,-73.92478396599995,NY
1007,40.65106272200006,-73.92929833799997,NY
1008,40.68376560900003,-73.97098738499993,NY
1009,40.67081759000007,-73.93511008699994,NY
1010,40.63018538100005,-73.973676658,NY
1011,40.65635226000006,-73.92136732899995,NY
1012,40.640783561000035,-73.957241647,NY
1013,40.698118935000025,-73.94975054899999,NY
1014,40.829060282000064,-73.92143424399995,NY
1015,40.86377311300004,-73.92219584099996,NY
1016,40.65900650700007,-73.92555592899998,NY
1017,40.656524395000076,-73.91636102499997,NY
1018,40.807218462000044,-73.92241727499999,NY
1019,40.66729861500005,-73.92575214099996,NY
1020,40.862919927000064,-73.92281505299998,NY
1021,40.86446897800005,-73.92030780199997,NY
1022,40.88733281800006,-73.84725001299995,NY
1023,40.816872438000075,-73.85068492699997,NY
1024,40.809839071000056,-73.95141461099996,NY
1025,40.887565833000046,-73.86229467199999,NY
1026,40.66547225800008,-73.81857169299997,NY
1027,40.65269512700007,-73.96284167499994,NY
1028,40.64886713300007,-73.95082189999994,NY
1029,40.71344502300008,-73.76118778599994,NY
1030,40.65348503300004,-73.91150672499998,NY
1031,40.81949793600006,-73.92180321299999,NY
1032,40.652262403000066,-73.76050942399995,NY
1033,40.67845753300003,-73.92795336599994,NY
1034,40.86413608500004,-73.91918020999998,NY
1035,40.79649475100007,-73.94643661799995,NY
1036,40.668807953000055,-73.86741448999999,NY
1037,40.68593576000006,-73.94007844399994,NY
1038,40.634100273000044,-73.95797371299993,NY
1039,40.65492390100008,-73.93751861299995,NY
1040,40.81844220100004,-73.86853985099998,NY
1041,40.663069018000044,-73.94557775899995,NY
1042,40.68665966800006,-73.91313936599995,NY
1043,40.66940464800007,-73.86363907499998,NY
1044,40.670366460000025,-73.91284696199995,NY
1045,40.85177655500007,-73.90800416599996,NY
1046,40.71265806200007,-73.76828947799999,NY
1047,40.81786438800003,-73.88799254199995,NY
1048,40.80138689000006,-73.93270005999993,NY
1049,40.78934789300007,-73.94735241299998,NY
1050,40.88907795500006,-73.86444348399993,NY
1051,40.70614538300004,-73.95150100299998,NY
1052,40.815929553000046,-73.94516735699995,NY
1053,40.81816612400007,-73.90624419799997,NY
1054,40.82266065500005,-73.911520222,NY
1055,40.79679044300008,-73.93940440599994,NY
1056,40.67288014500008,-73.92369108599996,NY
1057,40.86446897800005,-73.92030780199997,NY
1058,40.66293035300004,-73.91970513199995,NY
1059,40.80209197100004,-73.93700122199994,NY
1060,40.863813486000026,-73.89073873399997,NY
1061,40.788845063000046,-73.94617553799998,NY
1062,40.82788478800006,-73.93823787399998,NY
1063,40.84815366600003,-73.88656442099993,NY
1064,40.695782146000056,-73.79066712199995,NY
1065,40.84507992600004,-73.89264894999997,NY
1066,40.87524468400005,-73.85106369699997,NY
1067,40.817011183000034,-73.89423327699996,NY
1068,40.79814608700008,-73.95035767199995,NY
1069,40.62611213200007,-73.99244347999998,NY
1070,40.84820999600004,-73.89089809899998,NY
1071,40.74479335700005,-73.99329254599995,NY
1072,40.598874647000045,-73.76382298499993,NY
1073,40.71595711700007,-73.997353676,NY
1074,40.751155322000045,-73.85729995999998,NY
1075,40.63906463700005,-73.89904089399994,NY
1076,40.74376638800004,-73.98797324599997,NY
1077,40.634411467000064,-74.11896229899995,NY
1078,40.86163873700008,-73.92796461199998,NY
1079,40.88484355600008,-73.85374008999997,NY
1080,40.69569116200007,-73.931137069,NY
1081,40.81600451200006,-73.94131972799995,NY
1082,40.69645001400005,-73.94360673699998,NY
1083,40.86370044700004,-73.90572447299998,NY
1084,40.66679569100006,-73.89651170599996,NY
1085,40.68280824200008,-73.78215191799995,NY
1086,40.726421843000026,-73.73584631499993,NY
1087,40.674588380000046,-73.80393908099995,NY
1088,40.83585425500007,-73.86815490699999,NY
1089,40.63973054600008,-73.95274192999993,NY
1090,40.663055675000074,-73.91097138199996,NY
1091,40.69608630900007,-73.94643073099995,NY
1092,40.663055675000074,-73.91097138199996,NY
1093,40.67281227000007,-73.93870591999998,NY
1094,40.605261337000066,-73.98087114899994,NY
1095,40.860124446000036,-73.90283020099997,NY
1096,40.597138287000064,-73.78833691199995,NY
1097,40.79091383100007,-73.93913167799997,NY
1098,40.72300909500007,-73.97808828999997,NY
1099,40.67527963700008,-73.92046175999997,NY
1100,40.837842121000044,-73.91962775199994,NY
1101,40.83079891400007,-73.82694879599995,NY
1102,40.67873123800007,-73.95298829699995,NY
1103,40.72636681100005,-73.98331500399995,NY
1104,40.84588066600002,-73.88617794499999,NY
1105,40.65399938500008,-73.89636577299996,NY
1106,40.839575387000025,-73.93987862799997,NY
1107,40.82286114200008,-73.91916530199995,NY
1108,40.703366206000055,-73.81483667599997,NY
1109,40.640320114000076,-73.93979151099995,NY
1110,40.80504070000006,-73.95682188099995,NY
1111,40.66194314900008,-73.92102913399998,NY
1112,40.640783561000035,-73.957241647,NY
1113,40.67757890000007,-73.91175235899993,NY
1114,40.66081511600004,-73.90992190699995,NY
1115,40.692939350000074,-73.80845762899997,NY
1116,40.82266065500005,-73.911520222,NY
1117,40.58734650400004,-73.81304853899995,NY
1118,40.754986031000044,-73.94074543699999,NY
1119,40.670366460000025,-73.91284696199995,NY
1120,40.83855090900005,-73.90939937399997,NY
1121,40.751222840000025,-73.98045027299997,NY
1122,40.687732210000036,-73.93749147799997,NY
1123,40.60673849300008,-73.75852627599994,NY
1124,40.66902257700008,-73.95915931099995,NY
1125,40.68886747800008,-73.94065995799998,NY
1126,40.81027545200004,-73.92562154799998,NY
1127,40.83119531600005,-73.91327951999993,NY
1128,40.86189455900006,-73.85766248,NY
1129,40.60977656700004,-73.75061339299998,NY
1130,40.880024527000046,-73.90081581399994,NY
1131,40.670138350000045,-73.90892519399995,NY
1132,40.81027545200004,-73.92562154799998,NY
1133,40.67110691100004,-73.88143295699997,NY
1134,40.83778161800007,-73.91945797099999,NY
1135,40.80743404000003,-73.912970923,NY
1136,40.860124446000036,-73.90283020099997,NY
1137,40.698078486000036,-73.94531476999998,NY
1138,40.689655320000035,-73.91840006999998,NY
1139,40.68033280500004,-73.93842499899995,NY
1140,40.67824325500004,-73.89550970099998,NY
1141,40.639104514000046,-73.95220910499995,NY
1142,40.673761118000066,-73.87880377199998,NY
1143,40.64564719600002,-73.90287588699994,NY
1144,40.83395277900007,-73.87613414899994,NY
1145,40.656622611000046,-73.90498993699998,NY
1146,40.79792604000005,-73.96384775399997,NY
1147,40.84180610100003,-73.87938309899994,NY
1148,40.662518015000046,-73.92701180399997,NY
1149,40.83623687500005,-73.88732196199999,NY
1150,40.81539093100001,-73.90932613399998,NY
1151,40.86436863500006,-73.86544107799993,NY
1152,40.67110691100004,-73.88143295699997,NY
1153,40.59487235300003,-73.94081550099996,NY
1154,40.67560823700006,-73.91935098699997,NY
1155,40.66048172400008,-73.88129685699994,NY
1156,40.64085528000004,-73.95820727299997,NY
1157,40.67303140400003,-73.95567082599996,NY
1158,40.828391950000025,-73.94236030699994,NY
1159,40.85399770500004,-73.89897854099996,NY
1160,40.653630717000055,-73.96168068299994,NY
1161,40.67824325500004,-73.89550970099998,NY
1162,40.868842130000075,-73.88004271999995,NY
1163,40.83651789100002,-73.86527334699997,NY
1164,40.67459999000005,-73.93057482199998,NY
1165,40.59543765300003,-73.79969567299997,NY
1166,40.64520527800004,-73.92485423199997,NY
1167,40.666231521000036,-73.92253800099995,NY
1168,40.815929553000046,-73.94516735699995,NY
1169,40.633489170000075,-73.88922792999993,NY
1170,40.877554428000046,-73.87293947099994,NY
1171,40.64233432700007,-74.02395641899994,NY
1172,40.66214759500008,-73.92721045199994,NY
1173,40.688154120000036,-73.94685537799995,NY
1174,40.833781835000025,-73.92657819899993,NY
1175,40.58432798800004,-74.08746486299998,NY
1176,40.70405561800004,-73.76949515699994,NY
1177,40.757467209000026,-73.94619006299997,NY
1178,40.88722715100005,-73.90473632399994,NY
1179,40.75869476400004,-73.98532469099996,NY
1180,40.63279800500004,-74.16521970799994,NY
1181,40.67141166300007,-73.88151172399995,NY
1182,40.82414626900004,-73.89294648299993,NY
1183,40.853528832000045,-73.90272054899998,NY
1184,40.67154448400004,-73.95765812199994,NY
1185,40.82199631700007,-73.91501493999993,NY
1186,40.71301347900004,-73.94121560799994,NY
1187,40.69276310300006,-73.75081506299993,NY
1188,40.84453266500003,-73.93541772899994,NY
1189,40.60505071000005,-73.97117644499998,NY
1190,40.66629650100003,-73.95083788699995,NY
1191,40.673164918000055,-73.90776745999993,NY
1192,40.70323833200007,-73.78107890399998,NY
1193,40.84575054600003,-73.88783715799997,NY
1194,40.670366460000025,-73.91284696199995,NY
1195,40.869482445000074,-73.88625324799993,NY
1196,40.679847490000036,-73.93938447299999,NY
1197,40.77329984700003,-73.98802567999998,NY
1198,40.662325758000065,-73.88908632899995,NY
1199,40.84967686300007,-73.90801429899994,NY
1200,40.83342426000007,-73.90000715499998,NY
1201,40.684194302000044,-73.91608474599997,NY
1202,40.68041746400007,-73.97295017499994,NY
1203,40.72031486900005,-73.73234231699999,NY
1204,40.671143382000025,-73.75638250299994,NY
1205,40.62399282300004,-74.15117035299994,NY
1206,40.79792604000005,-73.96384775399997,NY
1207,40.688768663000076,-73.79802345099995,NY
1208,40.695778596000025,-73.94579267699999,NY
1209,40.68665574200002,-73.78470663599995,NY
1210,40.70676502500004,-73.79275705599997,NY
1211,40.72618713000002,-73.73523390399998,NY
1212,40.80067124200008,-73.94435640999995,NY
1213,40.67141166300007,-73.88151172399995,NY
1214,40.81144646400003,-73.91618440899998,NY
1215,40.675571392000045,-73.92577898299999,NY
1216,40.88733281800006,-73.84725001299995,NY
1217,40.82741405100006,-73.87794577499993,NY
1218,40.66970235900004,-73.88767539399998,NY
1219,40.88733281800006,-73.84725001299995,NY
1220,40.69955767600004,-73.76986774699995,NY
1221,40.68481678500007,-73.97070208199995,NY
1222,40.684888145000045,-73.92310404899997,NY
1223,40.84324043000004,-73.93635868099993,NY
1224,40.68408415600004,-73.98677973999997,NY
1225,40.83404549800008,-73.87814681899994,NY
1226,40.812600519000064,-73.95202672899995,NY
1227,40.853856131000036,-73.91769978899998,NY
1228,40.666229308000034,-73.88957727699994,NY
1229,40.76956124200007,-73.91536344699995,NY
1230,40.80817082700002,-73.92652336699997,NY
1231,40.685988905000045,-73.80479256499996,NY
1232,40.59763735300004,-73.78658887599995,NY
1233,40.67123699000007,-73.87722220199998,NY
1234,40.84472598000008,-73.91226794799998,NY
1235,40.830813798000065,-73.89973283599994,NY
1236,40.70960094600008,-73.72837075799998,NY
1237,40.64633820900008,-74.01083732399997,NY
1238,40.82491238500006,-73.86691195599997,NY
1239,40.68933015300007,-73.94968144799998,NY
1240,40.820987957000064,-73.89387649499997,NY
1241,40.66820136300004,-73.73187735299997,NY
1242,40.87899134100008,-73.86455083699997,NY
1243,40.64886713300007,-73.95082189999994,NY
1244,40.816122327000066,-73.89775711899993,NY
1245,40.66121173900007,-73.76380052199994,NY
1246,40.69993211100008,-73.75065122099994,NY
1247,40.705977738000044,-73.74266120599998,NY
1248,40.79792604000005,-73.96384775399997,NY
1249,40.59097663400007,-73.78561280299994,NY
1250,40.798193324000074,-73.96735102799995,NY
1251,40.680048726000045,-73.77590919399995,NY
1252,40.67970040800003,-73.77604736799998,NY
1253,40.862919927000064,-73.92281505299998,NY
1254,40.663069018000044,-73.94557775899995,NY
1255,40.684194302000044,-73.91608474599997,NY
1256,40.751222840000025,-73.98045027299997,NY
1257,40.71124488000004,-73.95776997399997,NY
1258,40.82564880800004,-73.92174178599998,NY
1259,40.64505957100005,-73.96420804299999,NY
1260,40.65290208700002,-73.89402853999997,NY
1261,40.65375368100007,-73.91847281299994,NY
1262,40.85140742400005,-73.88508408799999,NY
1263,40.82338729100008,-73.87017045,NY
1264,40.877554428000046,-73.87293947099994,NY
1265,40.850223321000044,-73.93216629499993,NY
1266,40.64633820900008,-74.01083732399997,NY
1267,40.82779397400003,-73.89900386999993,NY
1268,40.847489162000045,-73.92274982499998,NY
1269,40.80800299400005,-73.94005524999993,NY
1270,40.643329967000064,-74.01038280899995,NY
1271,40.62694393200008,-73.92874748599995,NY
1272,40.851111636000034,-73.93525591199995,NY
1273,40.671011546000045,-74.00137129999997,NY
1274,40.80312469200004,-73.95632104999999,NY
1275,40.85403855800007,-73.88404570699998,NY
1276,40.654223423000076,-73.91156340899995,NY
1277,40.67312817700008,-73.94462864499997,NY
1278,40.63738769300004,-73.94911169499993,NY
1279,40.71595711700007,-73.997353676,NY
1280,40.603190622000064,-73.75008340299998,NY
1281,40.85109863400004,-73.90803040599997,NY
1282,40.668299021000045,-73.95467545799994,NY
1283,40.67851591200008,-73.92914304899993,NY
1284,40.603190622000064,-73.75008340299998,NY
1285,40.85358740100002,-73.90059135599995,NY
1286,40.87305651100007,-73.86621898199995,NY
1287,40.78694446300005,-73.94357342599994,NY
1288,40.65775788800004,-73.95177405399994,NY
1289,40.840470176000046,-73.89117461899998,NY
1290,40.875126333000026,-73.86649686299995,NY
1291,40.68933015300007,-73.94968144799998,NY
1292,40.81390337400006,-73.95671859099998,NY
1293,40.75890301700008,-73.86119261,NY
1294,40.86413608500004,-73.91918020999998,NY
1295,40.67897152900008,-73.88773188799998,NY
1296,40.86436863500006,-73.86544107799993,NY
1297,40.64833956800004,-73.89937641499995,NY
1298,40.68137346100008,-73.92107462999998,NY
1299,40.72521394800003,-73.93131220899994,NY
1300,40.82064208100008,-73.822440896,NY
1301,40.815929553000046,-73.94516735699995,NY
1302,40.68768514100003,-73.94767787199999,NY
1303,40.826747940000075,-73.90851572799994,NY
1304,40.688999611000035,-73.93624626899998,NY
1305,40.82286114200008,-73.91916530199995,NY
1306,40.65556870000006,-73.91199771599996,NY
1307,40.656622611000046,-73.90498993699998,NY
1308,40.80889802400003,-73.91436698999998,NY
1309,40.683067566000034,-73.95198290099995,NY
1310,40.67602847200004,-73.94853062299995,NY
1311,40.75890301700008,-73.86119261,NY
1312,40.68764215700002,-73.85783251799995,NY
1313,40.78934789300007,-73.94735241299998,NY
1314,40.845994245000036,-73.88446815299993,NY
1315,40.67937174300005,-73.91241336899995,NY
1316,40.85170536100002,-73.93199489299997,NY
1317,40.68962245400007,-73.96014913199997,NY
1318,40.85839798800004,-73.90278211299993,NY
1319,40.57462792900003,-73.99197054399998,NY
1320,40.69628382500007,-73.80435852099998,NY
1321,40.86970016600003,-73.83864546899997,NY
1322,40.71926178300004,-73.93831327799995,NY
1323,40.814093699000075,-73.95929788799998,NY
1324,40.63422794300004,-74.12122819799998,NY
1325,40.683700646000034,-74.00050622499998,NY
1326,40.72547688900005,-73.88850499499993,NY
1327,40.65945193500005,-73.93120691499998,NY
1328,40.852148280000044,-73.92069849099995,NY
1329,40.80543660600006,-73.93992029899994,NY
1330,40.845191125000035,-73.93493638399997,NY
1331,40.67104995600005,-73.84303735699996,NY
1332,40.82338729100008,-73.87017045,NY
1333,40.63858949300004,-73.90852866899995,NY
1334,40.663545173000045,-73.88984845299996,NY
1335,40.676048270000074,-73.95660616199996,NY
1336,40.66367962700008,-73.91212398599998,NY
1337,40.66191338500005,-73.88022019899995,NY
1338,40.82266065500005,-73.911520222,NY
1339,40.677490086000034,-73.93032305199995,NY
1340,40.633312379000074,-73.92115308499997,NY
1341,40.663545173000045,-73.88984845299996,NY
1342,40.74734587900008,-73.87912825399997,NY
1343,40.833217042000065,-73.92755451499994,NY
1344,40.818823297000044,-73.94123775899999,NY
1345,40.65272794600002,-73.94832155299997,NY
1346,40.66629650100003,-73.95083788699995,NY
1347,40.86905853200005,-73.87963014799993,NY
1348,40.83722861900003,-73.90678471699994,NY
1349,40.68699927500006,-73.93734432899998,NY
1350,40.77110109700004,-73.83449783599998,NY
1351,40.81027545200004,-73.92562154799998,NY
1352,40.71345506500006,-73.762060691,NY
1353,40.839987567000044,-73.93566789499994,NY
1354,40.823153742000045,-73.92156767699998,NY
1355,40.82614070600005,-73.90107679499994,NY
1356,40.77139421000004,-73.92661448699994,NY
1357,40.698116742000025,-73.94495770899994,NY
1358,40.57482547700005,-73.99092660999997,NY
1359,40.64592976100005,-73.87951016799997,NY
1360,40.65775788800004,-73.95177405399994,NY
1361,40.838689661000046,-73.91880635699994,NY
1362,40.639652084000026,-74.008825657,NY
1363,40.820411060000026,-73.89332824199995,NY
1364,40.69539152700002,-73.97940641699995,NY
1365,40.633486765000036,-74.163427185,NY
1366,40.80468209100008,-73.88582216299993,NY
1367,40.80935223200004,-73.91248074299993,NY
1368,40.784059874000036,-73.97502051299993,NY
1369,40.87252706800007,-73.91227104199999,NY
1370,40.632874015000034,-73.89777125499995,NY
1371,40.78928585700004,-73.85122709699993,NY
1372,40.68239828900005,-73.84007936899997,NY
1373,40.58615896100008,-73.93816979699994,NY
1374,40.87337798700002,-73.88708546399994,NY
1375,40.667573424000075,-73.90729576599993,NY
1376,40.705340265000075,-73.96400255699997,NY
1377,40.735993300000075,-73.74580368399995,NY
1378,40.668503474000026,-73.92559940099994,NY
1379,40.80093037300003,-73.94109824099995,NY
1380,40.72278734400004,-73.98134610299998,NY
1381,40.65734573700007,-73.90319404099995,NY
1382,40.63018538100005,-73.973676658,NY
1383,40.81906631700008,-73.92922101799998,NY
1384,40.70164572700002,-73.93801220099994,NY
1385,40.85671129100007,-73.89189995599996,NY
1386,40.671367750000044,-73.87629910499999,NY
1387,40.59548717900003,-73.78458649099997,NY
1388,40.88455645100004,-73.832338452,NY
1389,40.616417830000046,-74.07935572399998,NY
1390,40.66902257700008,-73.95915931099995,NY
1391,40.65844352300008,-73.90979175299998,NY
1392,40.67924233600007,-73.94218636599999,NY
1393,40.659930565000025,-73.92412760099995,NY
1394,40.705564019000064,-73.92657875199995,NY
1395,40.67440421700008,-73.89651071499998,NY
1396,40.684420223000075,-73.78257211399993,NY
1397,40.70676502500004,-73.79275705599997,NY
1398,40.866210002000045,-73.91765919199997,NY
1399,40.68674841800004,-73.94604160299998,NY
1400,40.841120042000064,-73.89050856099993,NY
1401,40.681967344000036,-73.98236705399995,NY
1402,40.65563971300003,-73.91153990699995,NY
1403,40.815946755000034,-73.90762016499998,NY
1404,40.664606373000034,-73.95239629299994,NY
1405,40.682910305000064,-73.95008290099996,NY
1406,40.690661195000075,-73.93807289599994,NY
1407,40.86106308500007,-73.893447414,NY
1408,40.61261362700003,-74.08312221699998,NY
1409,40.85708206200008,-73.90135250799993,NY
1410,40.82774366300004,-73.90438065399997,NY
1411,40.67423304000005,-73.93199920199999,NY
1412,40.86436863500006,-73.86544107799993,NY
1413,40.66636295200004,-73.88869391999998,NY
1414,40.83395277900007,-73.87613414899994,NY
1415,40.828541610000045,-73.90346169699995,NY
1416,40.885540183000046,-73.85332627499997,NY
1417,40.680048726000045,-73.77590919399995,NY
1418,40.836105283000045,-73.93838202299997,NY
1419,40.678349679000064,-73.75438047699998,NY
1420,40.842531801000064,-73.830120444,NY
1421,40.85517637600003,-73.93025982199998,NY
1422,40.67040290800003,-73.88832308799994,NY
1423,40.67681575000006,-73.90811572099993,NY
1424,40.609900125000024,-73.92237286099999,NY
1425,40.71626346000005,-73.98407867999998,NY
1426,40.64168677500004,-74.02289321399995,NY
1427,40.64802513400008,-73.90401117799998,NY
1428,40.836105283000045,-73.93838202299997,NY
1429,40.69780743000007,-73.91859925999995,NY
1430,40.707239816000026,-73.79272672599996,NY
1431,40.68593576000006,-73.94007844399994,NY
1432,40.85227171500002,-73.92058628899997,NY
1433,40.71595711700007,-73.997353676,NY
1434,40.67141166300007,-73.88151172399995,NY
1435,40.83858121200007,-73.91311087699995,NY
1436,40.688492745000076,-73.85759632499997,NY
1437,40.84266656700004,-73.88894829999998,NY
1438,40.63279800500004,-74.16521970799994,NY
1439,40.667789106000036,-73.90587160499997,NY
1440,40.66790942700004,-73.93260042799993,NY
1441,40.83722494500006,-73.88729499199997,NY
1442,40.679569266000044,-73.89890025799998,NY
1443,40.69627862000005,-73.85456486499999,NY
1444,40.82266065500005,-73.911520222,NY
1445,40.66269280500006,-73.88830715999995,NY
1446,40.79829254700008,-73.94082246699999,NY
1447,40.755443005000075,-73.94342324599995,NY
1448,40.64112498000002,-74.17498719099996,NY
1449,40.676051596000036,-73.93461108799994,NY
1450,40.681413218000046,-73.92725792699997,NY
1451,40.74691420200002,-73.86370418799999,NY
1452,40.815929553000046,-73.94516735699995,NY
1453,40.62399282300004,-74.15117035299994,NY
1454,40.65272464900005,-73.93150216299993,NY
1455,40.68962245400007,-73.96014913199997,NY
1456,40.743124599000055,-73.95606807299998,NY
1457,40.85238190900003,-73.91351577099994,NY
1458,40.820652506000044,-73.95636012799997,NY
1459,40.83489107400004,-73.88923592399993,NY
1460,40.66054277300003,-73.89317299099997,NY
1461,40.784507365000024,-73.97548255699995,NY
1462,40.69888553200008,-73.90695289699994,NY
1463,40.65119471500003,-73.89692151399998,NY
1464,40.64633820900008,-74.01083732399997,NY
1465,40.64296558300003,-73.90966493899998,NY
1466,40.68873993000005,-73.92871751299998,NY
1467,40.64971987400003,-73.96312802699998,NY
1468,40.85071487300007,-73.884199702,NY
1469,40.703366206000055,-73.81483667599997,NY
1470,40.69575822900004,-73.94928351799997,NY
1471,40.66482824100007,-73.88830358399997,NY
1472,40.65928182300007,-73.91489063799997,NY
1473,40.635748327000044,-74.12144713799995,NY
1474,40.67824325500004,-73.89550970099998,NY
1475,40.660565758000075,-73.75035143299993,NY
1476,40.65440412200008,-73.91837110599994,NY
1477,40.699387494000064,-73.72831499699998,NY
1478,40.82338729100008,-73.87017045,NY
1479,40.64802513400008,-73.90401117799998,NY
1480,40.67466236200005,-73.87711855899995,NY
1481,40.864085852000066,-73.91800528099995,NY
1482,40.67541918000006,-73.93753906899997,NY
1483,40.83535328100004,-73.88475043899997,NY
1484,40.69980031700004,-73.98373278599996,NY
1485,40.87669883700005,-73.90852293799998,NY
1486,40.852095535000046,-73.89279667399995,NY
1487,40.83754882800008,-73.92019187599993,NY
1488,40.72618713000002,-73.73523390399998,NY
1489,40.67416802600008,-74.00219692399995,NY
1490,40.67281467300006,-73.87167482899997,NY
1491,40.673376062000045,-73.89473864299998,NY
1492,40.634227087000056,-74.15808949399997,NY
1493,40.59596336300007,-73.77107818399995,NY
1494,40.82867545800008,-73.94398971599996,NY
1495,40.68189408200004,-73.91979406899995,NY
1496,40.76077656700004,-73.87208653299997,NY
1497,40.83754882800008,-73.92019187599993,NY
1498,40.813622691000035,-73.91571925399995,NY
1499,40.822324395000074,-73.92502998799995,NY
1500,40.66469185300008,-73.88918332299994,NY
1501,40.644981504000036,-74.07732129999994,NY
1502,40.74515055200004,-73.86242663599995,NY
1503,40.846020053000075,-73.88837886,NY
1504,40.86413608500004,-73.91918020999998,NY
1505,40.63581588500005,-73.95830050299999,NY
1506,40.81949793600006,-73.92180321299999,NY
1507,40.69980031700004,-73.98373278599996,NY
1508,40.83535328100004,-73.88475043899997,NY
1509,40.65838141500007,-73.88618429299999,NY
1510,40.63633347500007,-73.89892972899997,NY
1511,40.820652506000044,-73.95636012799997,NY
1512,40.83643506200008,-73.85146498099994,NY
1513,40.82266065500005,-73.911520222,NY
1514,40.682842833000045,-73.94091409899994,NY
1515,40.659327733000055,-73.89120340799997,NY
1516,40.68324211200007,-73.79418584899997,NY
1517,40.57978019500007,-73.99842465499995,NY
1518,40.66196424000003,-73.889912338,NY
1519,40.788721243000055,-73.93999677399995,NY
1520,40.637645444000036,-74.16125750199996,NY
1521,40.66269280500006,-73.88830715999995,NY
1522,40.74296417800008,-73.98223182299995,NY
1523,40.683700646000034,-74.00050622499998,NY
1524,40.859877246000046,-73.89631972299998,NY
1525,40.58734650400004,-73.81304853899995,NY
1526,40.673894635000075,-73.87788063699999,NY
1527,40.83059174500005,-73.913634432,NY
1528,40.65775788800004,-73.95177405399994,NY
1529,40.81756739000008,-73.93823299699994,NY
1530,40.66397507700003,-73.87795286599999,NY
1531,40.86249963100005,-73.922284097,NY
1532,40.682842833000045,-73.94091409899994,NY
1533,40.65051328800007,-73.93798763099994,NY
1534,40.664717351000036,-73.92823133899999,NY
1535,40.82338729100008,-73.87017045,NY
1536,40.635323619000076,-73.88735855,NY
1537,40.800880893000055,-73.94095380699997,NY
1538,40.82300344500004,-73.95308871299993,NY
1539,40.63584491100005,-74.165090337,NY
1540,40.69783630800004,-73.79584659799998,NY
1541,40.710335946000036,-73.94988561899999,NY
1542,40.79037824500005,-73.94976759099995,NY
1543,40.853400299000036,-73.92984237199995,NY
1544,40.64842111900003,-73.90489710899999,NY
1545,40.673167153000065,-73.97966923499997,NY
1546,40.65856836900008,-73.89822926299998,NY
1547,40.633489170000075,-73.88922792999993,NY
1548,40.71015163900006,-73.72910795299998,NY
1549,40.88907795500006,-73.86444348399993,NY
1550,40.85676556100003,-73.90035163399993,NY
1551,40.833628590000046,-73.89520062899999,NY
1552,40.65690638000007,-73.88509115599999,NY
1553,40.868842130000075,-73.88004271999995,NY
1554,40.67564639900007,-73.92718490399994,NY
1555,40.65413984600008,-73.92530547799998,NY
1556,40.75524058600007,-73.94484914899994,NY
1557,40.812950638000075,-73.95588109399995,NY
1558,40.668630731000064,-73.90463038099993,NY
1559,40.81854617100004,-73.90782610299993,NY
1560,40.76023534300003,-73.84899259199995,NY
1561,40.69612773800003,-73.93617093399995,NY
1562,40.66640577000004,-73.75247434199997,NY
1563,40.70534732300007,-73.94115744599996,NY
1564,40.87785198500006,-73.86428918199994,NY
1565,40.65553848200005,-73.88409879299998,NY
1566,40.81974139400006,-73.93858143399994,NY
1567,40.636849591000036,-73.89596004099997,NY
1568,40.67146293900004,-73.92234447099996,NY
1569,40.71926178300004,-73.93831327799995,NY
1570,40.66972146500007,-73.87684288099996,NY
1571,40.82564880800004,-73.92174178599998,NY
1572,40.66531300600008,-73.93284095299998,NY
1573,40.82867545800008,-73.94398971599996,NY
1574,40.68041746400007,-73.97295017499994,NY
1575,40.67406343900007,-73.91253570199996,NY
1576,40.839987567000044,-73.93566789499994,NY
1577,40.695058784000025,-73.93894872099996,NY
1578,40.80579302500007,-73.95065539299998,NY
1579,40.72128533000005,-73.97778942499998,NY
1580,40.68910828500003,-73.78696320699999,NY
1581,40.799466801000044,-73.95153053599995,NY
1582,40.797481848000075,-73.93889813399994,NY
1583,40.64313595500005,-73.95066757499995,NY
1584,40.81371024600002,-73.923182807,NY
1585,40.83404549800008,-73.87814681899994,NY
1586,40.88907795500006,-73.86444348399993,NY
1587,40.751222840000025,-73.98045027299997,NY
1588,40.69831250200008,-73.95314759599995,NY
1589,40.643994100000036,-74.01148555899994,NY
1590,40.86792685200004,-73.86876742799996,NY
1591,40.85742932800008,-73.89369544,NY
1592,40.86436863500006,-73.86544107799993,NY
1593,40.83521249700004,-73.87102913699994,NY
1594,40.755443005000075,-73.94342324599995,NY
1595,40.64013443500005,-73.89522346599993,NY
1596,40.670320318000044,-73.90651690599998,NY
1597,40.666079489000026,-73.76173945899995,NY
1598,40.70539273100008,-73.93875531299993,NY
1599,40.88672068300008,-73.81528439199997,NY
1600,40.67877374900007,-73.94966417599994,NY
1601,40.80958413800005,-73.91805074799998,NY
1602,40.813622691000035,-73.91571925399995,NY
1603,40.812520134000074,-73.90281300199997,NY
1604,40.63807818300006,-74.13184274799994,NY
1605,40.84386351200004,-73.91509543199999,NY
1606,40.703968961000044,-73.94020650199997,NY
1607,40.63793701400005,-73.95670300599994,NY
1608,40.664239422000044,-73.90842501099996,NY
1609,40.680048726000045,-73.77590919399995,NY
1610,40.79090313800003,-73.94516991099994,NY
1611,40.606664855000076,-73.75614960299998,NY
1612,40.68033280500004,-73.93842499899995,NY
1613,40.71626346000005,-73.98407867999998,NY
1614,40.65238986700007,-73.88375468599996,NY
1615,40.84820999600004,-73.89089809899998,NY
1616,40.68740161900007,-73.94036919399997,NY
1617,40.833614873000045,-73.87842586299999,NY
1618,40.640783561000035,-73.957241647,NY
1619,40.81371024600002,-73.923182807,NY
1620,40.669551686000034,-73.91713774799997,NY
1621,40.84756518900008,-73.91023649499994,NY
1622,40.684803219000045,-73.93690650499997,NY
1623,40.86402732400006,-73.89340651099997,NY
1624,40.62423677200008,-74.08075553299993,NY
1625,40.65039633400005,-73.95870942899995,NY
1626,40.64098372500007,-74.08692657299997,NY
1627,40.70179939100007,-73.80840332099996,NY
1628,40.650683352000044,-73.96331128799993,NY
1629,40.68158536800007,-73.87775478499998,NY
1630,40.78934789300007,-73.94735241299998,NY
1631,40.66753342700008,-73.86424848999997,NY
1632,40.68453339600006,-73.95227389999997,NY
1633,40.85036729300003,-73.91725589399994,NY
1634,40.68636981000003,-73.91459284799998,NY
1635,40.69501525100002,-73.97809388299999,NY
1636,40.68049839100007,-73.93506821899997,NY
1637,40.67213834100005,-73.91121881499998,NY
1638,40.84318799200002,-73.90092494799995,NY
1639,40.817011183000034,-73.89423327699996,NY
1640,40.818175478000065,-73.88896026599997,NY
1641,40.656693596000025,-73.90453211299997,NY
1642,40.77471671800004,-73.97468462999996,NY
1643,40.670366460000025,-73.91284696199995,NY
1644,40.668881372000044,-73.94920301999997,NY
1645,40.67141166300007,-73.88151172399995,NY
1646,40.86106308500007,-73.893447414,NY
1647,40.866210002000045,-73.91765919199997,NY
1648,40.63621561400004,-73.948986484,NY
1649,40.82748529600008,-73.84576861199997,NY
1650,40.80855767700007,-73.95235475399994,NY
1651,40.68927245800006,-73.94364165399995,NY
1652,40.63122789000005,-74.16528427199995,NY
1653,40.82774366300004,-73.90438065399997,NY
1654,40.68033280500004,-73.93842499899995,NY
1655,40.84472598000008,-73.91226794799998,NY
1656,40.67003008100005,-73.90404439699995,NY
1657,40.65233201600006,-73.94682624999997,NY
1658,40.68493264200004,-73.94880498999999,NY
1659,40.63279800500004,-74.16521970799994,NY
1660,40.65290208700002,-73.89402853999997,NY
1661,40.68927245800006,-73.94364165399995,NY
1662,40.648434646000055,-74.01583234499998,NY
1663,40.82885104500008,-73.94383419099995,NY
1664,40.639623080000035,-73.91784870899994,NY
1665,40.606664855000076,-73.75614960299998,NY
1666,40.67459999000005,-73.93057482199998,NY
1667,40.761743826000036,-73.87308820099996,NY
1668,40.88390766400005,-73.84950730499997,NY
1669,40.61549122300004,-74.08165622999995,NY
1670,40.66444831500007,-73.91232122399998,NY
1671,40.86413608500004,-73.91918020999998,NY
1672,40.69327412300004,-73.97359405499998,NY
1673,40.84646918200008,-73.83300190999995,NY
1674,40.78934789300007,-73.94735241299998,NY
1675,40.640320114000076,-73.93979151099995,NY
1676,40.67967006600002,-73.93613621099996,NY
1677,40.63122789000005,-74.16528427199995,NY
1678,40.87338347900004,-73.88708906999993,NY
1679,40.86812253100004,-73.83136390999994,NY
1680,40.83651789100002,-73.86527334699997,NY
1681,40.664239422000044,-73.90842501099996,NY
1682,40.66731526400008,-73.91793716199999,NY
1683,40.85708206200008,-73.90135250799993,NY
1684,40.65087729100002,-73.93130224699999,NY
1685,40.67765404800008,-73.91311864799998,NY
1686,40.598874647000045,-73.76382298499993,NY
1687,40.69050586900005,-73.95900552099994,NY
1688,40.66996814200007,-73.90888577399994,NY
1689,40.67552016100007,-73.97040693999998,NY
1690,40.663990028000065,-73.86669235099998,NY
1691,40.663545173000045,-73.88984845299996,NY
1692,40.68033280500004,-73.93842499899995,NY
1693,40.82406423700007,-73.90258296499997,NY
1694,40.74376638800004,-73.98797324599997,NY
1695,40.80722468000005,-73.91947688499994,NY
1696,40.67457936700004,-73.79102207899997,NY
1697,40.816122327000066,-73.89775711899993,NY
1698,40.66151554700008,-73.910576957,NY
1699,40.71246411200008,-73.82835619399998,NY
1700,40.80812776100004,-73.92360827799997,NY
1701,40.67551445000004,-73.90115961199997,NY
1702,40.66248621300008,-73.92451757499998,NY
1703,40.82482362800005,-73.93675929499993,NY
1704,40.64349203000006,-73.95556793399999,NY
1705,40.85395000000005,-73.91467769899998,NY
1706,40.759450567000044,-73.933576266,NY
1707,40.68684680200005,-73.95820729499997,NY
1708,40.59756049600002,-73.75365499699996,NY
1709,40.67141166300007,-73.88151172399995,NY
1710,40.86792685200004,-73.86876742799996,NY
1711,40.829305283000046,-73.90098175399999,NY
1712,40.82965936100004,-73.90424420099998,NY
1713,40.78673189800003,-73.94113246799998,NY
1714,40.868745475000026,-73.88213271499995,NY
1715,40.57758741600002,-73.97633607099993,NY
1716,40.67787837600008,-73.93731323999998,NY
1717,40.685988905000045,-73.80479256499996,NY
1718,40.670132766000044,-73.95527261499996,NY
1719,40.82338729100008,-73.87017045,NY
1720,40.67577061900005,-73.75876302999995,NY
1721,40.84823568600007,-73.92269474099999,NY
1722,40.592478755000045,-73.79969734699995,NY
1723,40.688870297000044,-73.91096936799994,NY
1724,40.81339614500007,-73.94510441699998,NY
1725,40.65844352300008,-73.90979175299998,NY
1726,40.86370044700004,-73.90572447299998,NY
1727,40.86436863500006,-73.86544107799993,NY
1728,40.719736715000074,-73.97500493599993,NY
1729,40.67970040800003,-73.77604736799998,NY
1730,40.72278734400004,-73.98134610299998,NY
1731,40.809028744000045,-73.92060175899995,NY
1732,40.814308168000025,-73.95307677899994,NY
1733,40.69410552100004,-73.80336240599996,NY
1734,40.70323833200007,-73.78107890399998,NY
1735,40.79827989900008,-73.93277182499997,NY
1736,40.84266656700004,-73.88894829999998,NY
1737,40.67459999000005,-73.93057482199998,NY
1738,40.836105283000045,-73.93838202299997,NY
1739,40.668299021000045,-73.95467545799994,NY
1740,40.86413608500004,-73.91918020999998,NY
1741,40.812053484000046,-73.90950046999995,NY
1742,40.68593576000006,-73.94007844399994,NY
1743,40.83754882800008,-73.92019187599993,NY
1744,40.67576991200008,-73.91516161399994,NY
1745,40.805323660000056,-73.95750439499993,NY
1746,40.862919927000064,-73.92281505299998,NY
1747,40.751222840000025,-73.98045027299997,NY
1748,40.87538575600007,-73.85191313299998,NY
1749,40.67141166300007,-73.88151172399995,NY
1750,40.658433742000064,-73.90447555999998,NY
1751,40.68033280500004,-73.93842499899995,NY
1752,40.69062899500005,-73.95792726799993,NY
1753,40.67051514900004,-73.92956610799997,NY
1754,40.81974139400006,-73.93858143399994,NY
1755,40.81537620200004,-73.94177548299997,NY
1756,40.66912567900005,-73.90570750399995,NY
1757,40.652409353000046,-73.95433667599998,NY
1758,40.58989372800004,-73.80807989899995,NY
1759,40.68493264200004,-73.94880498999999,NY
1760,40.60977656700004,-73.75061339299998,NY
1761,40.82748529600008,-73.84576861199997,NY
1762,40.646331289000045,-73.95865428799993,NY
1763,40.889971221000046,-73.85420260499995,NY
1764,40.85671129100007,-73.89189995599996,NY
1765,40.857612694000075,-73.89312397699997,NY
1766,40.82779397400003,-73.89900386999993,NY
1767,40.64886713300007,-73.95082189999994,NY
1768,40.751449824000076,-73.97605054499998,NY
1769,40.85358740100002,-73.90059135599995,NY
1770,40.59279544900005,-73.79716152399999,NY
1771,40.85358740100002,-73.90059135599995,NY
1772,40.85036729300003,-73.91725589399994,NY
1773,40.75655522200003,-73.86730119899994,NY
1774,40.74315076400006,-73.88335454299995,NY
1775,40.633312379000074,-73.92115308499997,NY
1776,40.67423304000005,-73.93199920199999,NY
1777,40.681865079000026,-73.91025402099996,NY
1778,40.846020053000075,-73.88837886,NY
1779,40.644981504000036,-74.07732129999994,NY
1780,40.799993530000044,-73.94484819199994,NY
1781,40.81606826600006,-73.90855208499994,NY
1782,40.605261337000066,-73.98087114899994,NY
1783,40.66646466200007,-73.90410359499998,NY
1784,40.82774366300004,-73.90438065399997,NY
1785,40.71319351500005,-73.76703953299993,NY
1786,40.683580560000046,-73.87245815299997,NY
1787,40.78673189800003,-73.94113246799998,NY
1788,40.64455467700003,-73.88769970999994,NY
1789,40.856183319000024,-73.90314684299993,NY
1790,40.68683423200008,-73.77471091499996,NY
1791,40.86433129700004,-73.86637753399998,NY
1792,40.638706899000056,-73.94681909099995,NY
1793,40.66468589900006,-73.89452887499993,NY
1794,40.86226749000008,-73.89588578099993,NY
1795,40.67281467300006,-73.87167482899997,NY
1796,40.810351863000044,-73.92494232599995,NY
1797,40.71626346000005,-73.98407867999998,NY
1798,40.84904023800004,-73.90481269999998,NY
1799,40.695782146000056,-73.79066712199995,NY
1800,40.860124446000036,-73.90283020099997,NY
1801,40.66554400800004,-73.86706772699995,NY
1802,40.81588296500007,-73.92569114999998,NY
1803,40.851111636000034,-73.93525591199995,NY
1804,40.811516073000064,-73.90341775499998,NY
1805,40.68573773900005,-73.87476166599998,NY
1806,40.65114909700003,-73.89504039199994,NY
1807,40.676663185000045,-73.92481157699996,NY
1808,40.841799335000076,-73.91488483099994,NY
1809,40.69677804900005,-73.94655639599996,NY
1810,40.602194868000026,-73.74910400599998,NY
1811,40.69539405300003,-73.79158431999997,NY
1812,40.702254418000045,-73.908268202,NY
1813,40.689848208000065,-73.78633341399996,NY
1814,40.64204307200004,-73.94960900699994,NY
1815,40.664515169000026,-73.90658992299996,NY
1816,40.810111068000026,-73.90711529999999,NY
1817,40.893879060000074,-73.83928123699997,NY
1818,40.81915052700003,-73.93718378399994,NY
1819,40.67141166300007,-73.88151172399995,NY
1820,40.59373711200004,-73.75117019699995,NY
1821,40.83858121200007,-73.91311087699995,NY
1822,40.66544594900005,-73.95161349899995,NY
1823,40.69438617000004,-73.80376186099994,NY
1824,40.87884246400005,-73.85066509199999,NY
1825,40.77445548600008,-73.93256480499997,NY
1826,40.70614538300004,-73.95150100299998,NY
1827,40.79191609100008,-73.94547965999998,NY
1828,40.680048726000045,-73.77590919399995,NY
1829,40.63018538100005,-73.973676658,NY
1830,40.69050586900005,-73.95900552099994,NY
1831,40.66333419100005,-73.90911470699997,NY
1832,40.85399770500004,-73.89897854099996,NY
1833,40.64584968500003,-73.88169405099995,NY
1834,40.65858414500008,-73.91421393599995,NY
1835,40.89926251900005,-73.850329833,NY
1836,40.698078486000036,-73.94531476999998,NY
1837,40.64465822300008,-74.01258472999997,NY
1838,40.69441189400004,-73.98084918099994,NY
1839,40.58734650400004,-73.81304853899995,NY
1840,40.85518175800007,-73.89710062399995,NY
1841,40.832550421000064,-73.86411778799999,NY
1842,40.81157523500008,-73.94272166899998,NY
1843,40.64807745300004,-73.89783444799998,NY
1844,40.839987567000044,-73.93566789499994,NY
1845,40.86792685200004,-73.86876742799996,NY
1846,40.636954848000066,-73.91743403899994,NY
1847,40.83732351100008,-73.91983075699994,NY
1848,40.77485969700007,-73.93383168399998,NY
1849,40.84633743000006,-73.88734099699997,NY
1850,40.66228698700007,-73.91077776999998,NY
1851,40.703493339000026,-73.89352614299997,NY
1852,40.703922655000035,-73.940895417,NY
1853,40.66956599700006,-73.88857682599996,NY
1854,40.71335018600007,-73.76444902399999,NY
1855,40.68807093600003,-73.93456684899995,NY
1856,40.88782111000006,-73.83129224099997,NY
1857,40.59372577800008,-73.77496023599997,NY
1858,40.66646466200007,-73.90410359499998,NY
1859,40.666682456000046,-73.88155977599996,NY
1860,40.67069615600008,-73.89071983599996,NY
1861,40.74396183900007,-73.87422637699996,NY
1862,40.74396183900007,-73.87422637699996,NY
1863,40.69888553200008,-73.90695289699994,NY
1864,40.68428204500003,-73.98934328299998,NY
1865,40.68357537500003,-73.73089611399995,NY
1866,40.63018538100005,-73.973676658,NY
1867,40.809028744000045,-73.92060175899995,NY
1868,40.57978019500007,-73.99842465499995,NY
1869,40.862919927000064,-73.92281505299998,NY
1870,40.66674580000005,-73.90223237399994,NY
1871,40.667322745000035,-73.87450426199997,NY
1872,40.82266065500005,-73.911520222,NY
1873,40.670366460000025,-73.91284696199995,NY
1874,40.75086299700007,-73.94544468299993,NY
1875,40.78934789300007,-73.94735241299998,NY
1876,40.83271489800006,-73.90505287499997,NY
1877,40.83088631600003,-73.91862797499994,NY
1878,40.70059059000005,-73.80774319999993,NY
1879,40.57482547700005,-73.99092660999997,NY
1880,40.65935681600007,-73.92826593999997,NY
1881,40.753464076000064,-73.99439974299997,NY
1882,40.878075016000025,-73.82595788299993,NY
1883,40.672615329000045,-73.93494971999998,NY
1884,40.80536404400005,-73.93766276299993,NY
1885,40.666682456000046,-73.88155977599996,NY
1886,40.655718343000046,-73.94525938899994,NY
1887,40.689155775000074,-73.98155743999997,NY
1888,40.67459999000005,-73.93057482199998,NY
1889,40.86600470600007,-73.87043794899995,NY
1890,40.80536404400005,-73.93766276299993,NY
1891,40.68301403800007,-73.99020881399997,NY
1892,40.75497231100008,-73.94635450299995,NY
1893,40.82140650100007,-73.91925016899995,NY
1894,40.844139945000045,-73.90038861799998,NY
1895,40.78226833600007,-73.94544422899995,NY
1896,40.85071487300007,-73.884199702,NY
1897,40.81749421000006,-73.91037821299993,NY
1898,40.67213266600004,-73.90749851699995,NY
1899,40.83665251900004,-73.90714329499998,NY
1900,40.64116269600004,-73.94514161199999,NY
1901,40.606664855000076,-73.75614960299998,NY
1902,40.66051961000005,-73.88345217399994,NY
1903,40.79009352000002,-73.97861152599995,NY
1904,40.68927245800006,-73.94364165399995,NY
1905,40.79933589800004,-73.96098641499998,NY
1906,40.68091726500006,-73.93809636499998,NY
1907,40.64886713300007,-73.95082189999994,NY
1908,40.810351863000044,-73.92494232599995,NY
1909,40.644449939000026,-74.00921906899998,NY
1910,40.65087729100002,-73.93130224699999,NY
1911,40.81461037400004,-73.91515081399997,NY
1912,40.65272464900005,-73.93150216299993,NY
1913,40.605261337000066,-73.98087114899994,NY
1914,40.672786795000036,-73.86647288899997,NY
1915,40.674460716000056,-73.87849967499993,NY
1916,40.67752877000004,-73.91081506299997,NY
1917,40.759450567000044,-73.933576266,NY
1918,40.75890301700008,-73.86119261,NY
1919,40.743124599000055,-73.95606807299998,NY
1920,40.74798569200004,-74.00089288399994,NY
1921,40.64886713300007,-73.95082189999994,NY
1922,40.606664855000076,-73.75614960299998,NY
1923,40.68684680200005,-73.95820729499997,NY
1924,40.85358740100002,-73.90059135599995,NY
1925,40.66636295200004,-73.88869391999998,NY
1926,40.699578763000034,-73.79403804299993,NY
1927,40.74754387900003,-73.88485542499996,NY
1928,40.69050586900005,-73.95900552099994,NY
1929,40.592856795000046,-73.79615314799997,NY
1930,40.712742846000026,-73.739879219,NY
1931,40.65272464900005,-73.93150216299993,NY
1932,40.84092133700005,-73.90474842099997,NY
1933,40.68326306500006,-73.98363586399995,NY
1934,40.80855767700007,-73.95235475399994,NY
1935,40.640320114000076,-73.93979151099995,NY
1936,40.641416810000074,-73.91229022999994,NY
1937,40.667428293000064,-73.93125275899997,NY
1938,40.703968961000044,-73.94020650199997,NY
1939,40.674460716000056,-73.87849967499993,NY
1940,40.66570713200008,-73.91459046799997,NY
1941,40.65734573700007,-73.90319404099995,NY
